07/12/2024 00:00,METAR SBSC 070000Z 32005KT CAVOK 29/17 Q1008=
07/12/2024 01:00,METAR SBSC 070100Z 33007KT CAVOK 29/15 Q1009=
07/12/2024 02:00,METAR SBSC 070200Z 33008KT CAVOK 29/15 Q1009=
07/12/2024 03:00,METAR SBSC 070300Z 32006KT CAVOK 29/14 Q1008=
07/12/2024 04:00,METAR SBSC 070400Z 33008KT CAVOK 28/14 Q1008=
07/12/2024 05:00,METAR SBSC 070500Z 30007KT CAVOK 27/14 Q1008=
07/12/2024 06:00,METAR SBSC 070600Z 24009KT CAVOK 26/14 Q1007=
07/12/2024 07:00,METAR SBSC 070700Z 20008KT CAVOK 25/13 Q1007=
07/12/2024 08:00,METAR SBSC 070800Z 18004KT CAVOK 24/12 Q1007=
07/12/2024 09:00,METAR SBSC 070900Z 35008KT CAVOK 27/13 Q1008=
07/12/2024 10:00,METAR SBSC 071000Z 34010KT CAVOK 29/14 Q1009=
07/12/2024 11:00,METAR SBSC 071100Z 32010KT CAVOK 31/15 Q1009=
07/12/2024 12:00,METAR SBSC 071200Z 33013KT CAVOK 32/16 Q1009=
07/12/2024 13:00,METAR SBSC 071300Z 32010KT CAVOK 34/17 Q1009=
07/12/2024 14:00,METAR SBSC 071400Z 32010KT CAVOK 35/17 Q1008=
07/12/2024 15:00,METAR SBSC 071500Z 34009KT CAVOK 37/18 Q1008=
07/12/2024 16:00,METAR SBSC 071600Z 35009KT CAVOK 37/18 Q1007=
07/12/2024 17:00,METAR SBSC 071700Z 32005KT CAVOK 37/18 Q1007=
07/12/2024 18:00,METAR SBSC 071800Z 33004KT CAVOK 38/17 Q1006=
07/12/2024 19:00,METAR SBSC 071900Z 17010KT CAVOK 29/22 Q1007=
07/12/2024 20:00,METAR SBSC 072000Z 17008KT CAVOK 28/22 Q1008=
07/12/2024 21:00,METAR SBSC 072100Z 17006KT CAVOK 27/22 Q1008=
07/12/2024 22:00,METAR SBSC 072200Z 16005KT CAVOK 26/22 Q1009=
07/12/2024 23:00,METAR SBSC 072300Z 18011KT CAVOK 26/23 Q1011=
