ano;mes;dia;hora;cloud_max;cloud_sum;cloud_layers;chuva;vis;temp;prod
2025;9;1;0;3,5;3,5;1;0;2000;20;3,3243436430828224
2025;9;1;1;3,5;3,5;1;0;2000;20;3,3243436430828224
2025;9;1;2;3,5;3,5;1;0;2000;20;3,3243436430828224
2025;9;1;3;3,5;3,5;1;0;2000;20;3,3243436430828224
2025;9;1;4;3,5;3,5;1;0;2000;20;3,3243436430828224
2025;9;1;5;3,5;3,5;1;0;2000;20;3,3243436430828224
2025;9;1;6;3,6;3,6;1;0;5000;21;12,270954791093933
2025;9;1;7;3,6;3,6;1;0;3000;21;1,8359649906259607
2025;9;1;8;3,5;3,5;1;0;2000;20;9,210074717620072
2025;9;1;9;3,6;3,6;1;0;3000;21;96,40907218213226
2025;9;1;10;3,6;3,6;1;0;3000;21;447,9339696609789
2025;9;1;11;3,6;3,6;1;0;5000;21;1098,3416678327087
2025;9;1;12;3,6;3,6;1;0;5000;21;1380,0582455028873
2025;9;1;13;3,6;3,6;1;0;5000;22;1625,7731870310538
2025;9;1;14;3,6;3,6;1;0;5000;22;1625,7731870310538
2025;9;1;15;3,6;3,6;1;0;5000;22;1594,3216418736379
2025;9;1;16;3,6;3,6;1;0;5000;21;1351,1750245328285
2025;9;1;17;3,6;3,6;1;0;5000;22;1116,3082584155554
2025;9;1;18;3,6;3,6;1;1;4000;22;454,7495159190072
2025;9;1;19;3,6;3,6;1;0;5000;22;290,3666456303
2025;9;1;20;3,6;3,6;1;1;4000;22;83,5827788453462
2025;9;1;21;3,6;3,6;1;1;4000;22;74,2080385308386
2025;9;1;22;3,6;3,6;1;0;5000;22;90,57054751580252
2025;9;1;23;3,6;3,6;1;0;5000;22;90,57054751580252
2025;9;2;0;3,6;3,6;1;1;4000;22;-3,0606595048359857
2025;9;2;1;2,1;2,1;1;0;9999;20;6,609040835911898
2025;9;2;2;2,1;2,1;1;0;9999;20;6,609040835911898
2025;9;2;3;2,1;2,1;1;0;9999;20;6,609040835911898
2025;9;2;4;3,6;3,6;1;1;4000;22;-3,0606595048359857
2025;9;2;5;3,6;3,6;1;1;4000;22;-3,0606595048359857
2025;9;2;6;2,1;2,1;1;0;9999;23;39,465829114718325
2025;9;2;7;2,1;2,1;1;0;9999;23;39,465829114718325
2025;9;2;8;2,1;2,1;1;0;9999;23;53,74215067519438
2025;9;2;9;2,1;2,1;1;0;9999;23;160,13399400804173
2025;9;2;10;2,1;2,1;1;0;9999;20;520,9174204849973
2025;9;2;11;2,1;2,1;1;0;9999;20;1384,3289447294396
2025;9;2;12;2,1;2,1;1;0;9999;23;1754,238343283854
2025;9;2;13;2,1;2,1;1;0;9999;24;1943,2926890952963
2025;9;2;14;2,1;2,1;1;0;9999;24;1943,2926890952963
2025;9;2;15;2,1;2,1;1;0;9999;24;1911,8411439378801
2025;9;2;16;2,1;2,1;1;0;9999;24;1719,947782213637
2025;9;2;17;2,1;2,1;1;0;9999;23;1416,0550558875084
2025;9;2;18;2,1;2,1;1;0;9999;24;761,0136049613055
2025;9;2;19;2,1;2,1;1;0;9999;24;336,60097953011433
2025;9;2;20;2,1;2,1;1;0;9999;23;158,59985048688262
2025;9;2;21;2,1;2,1;1;0;9999;23;123,95650738196397
2025;9;2;22;2,1;2,1;1;0;9999;23;123,95650738196397
2025;9;2;23;2,1;2,1;1;0;9999;23;123,95650738196397
2025;9;3;0;2,1;2,1;1;0;9999;20;6,609040835911898
2025;9;3;1;2,1;2,1;1;0;9999;20;6,609040835911898
2025;9;3;2;2,1;2,1;1;0;9999;23;39,465829114718325
2025;9;3;3;2,1;2,1;1;0;9999;20;6,609040835911898
2025;9;3;4;2,1;2,1;1;0;9999;20;6,609040835911898
2025;9;3;5;2,1;2,1;1;0;9999;23;39,465829114718325
2025;9;3;6;2,1;2,1;1;0;9999;22;26,825178761230525
2025;9;3;7;2,1;2,1;1;0;9999;20;6,609040835911898
2025;9;3;8;2,1;2,1;1;0;9999;20;12,494771910449176
2025;9;3;9;2,1;2,1;1;0;9999;22;142,14075943692086
2025;9;3;10;2,1;2,1;1;0;9999;22;589,3079722702759
2025;9;3;11;2,1;2,1;1;0;9999;22;1456,1171689053615
2025;9;3;12;0,0;0,0;0;0;9999;24;1976,297237255836
2025;9;3;13;2,1;2,1;1;0;9999;22;1912,7152172451024
2025;9;3;14;0,0;0,0;0;0;9999;24;2161,3491308120124
2025;9;3;15;2,1;2,1;1;0;9999;22;1881,2636720876862
2025;9;3;16;0,0;0,0;0;0;9999;24;1876,534442815078
2025;9;3;17;2,1;2,1;1;0;9999;22;1403,2502886296045
2025;9;3;18;2,1;2,1;1;0;9999;22;750,0603511385019
2025;9;3;19;2,1;2,1;1;0;9999;22;325,6477257073106
2025;9;3;20;2,1;2,1;1;0;9999;22;145,79508322897883
2025;9;3;21;0,0;0,0;0;0;9999;24;113,56731345908483
2025;9;3;22;2,1;2,1;1;0;9999;22;111,15174012406035
2025;9;3;23;2,1;2,1;1;0;9999;22;111,15174012406035
2025;9;4;0;0,0;0,0;0;0;9999;20;13,069337918056963
2025;9;4;1;0,0;0,0;0;0;9999;20;13,069337918056963
2025;9;4;2;0,0;0,0;0;0;9999;20;13,069337918056963
2025;9;4;3;0,0;0,0;0;0;9999;20;13,069337918056963
2025;9;4;4;2,1;2,1;1;0;9999;22;28,68462595994676
2025;9;4;5;2,1;2,1;1;0;9999;22;28,68462595994676
2025;9;4;6;0,0;0,0;0;0;9999;24;29,13774212516507
2025;9;4;7;0,0;0,0;0;0;9999;24;29,13774212516507
2025;9;4;8;0,0;0,0;0;0;9999;24;43,41406368564108
2025;9;4;9;0,0;0,0;0;0;9999;24;215,00388679487438
2025;9;4;10;0,0;0,0;0;0;9999;24;872,3829678074817
2025;9;4;11;0,0;0,0;0;0;9999;20;1563,0772101574798
2025;9;4;12;0,0;0,0;0;0;9999;26;2137,9523850619785
2025;9;4;13;0,0;0,0;0;0;9999;24;2163,2085780107286
2025;9;4;14;0,0;0,0;0;0;9999;26;2323,004278618154
2025;9;4;15;0,0;0,0;0;0;9999;26;2291,5527334607377
2025;9;4;16;0,0;0,0;0;0;9999;26;2038,1895906212205
2025;9;4;17;0,0;0,0;0;0;9999;26;1693,5368047285906
2025;9;4;18;0,0;0,0;0;0;9999;25;897,8651577188654
2025;9;4;19;0,0;0,0;0;0;9999;25;343,16127560084084
2025;9;4;20;0,0;0,0;0;0;9999;26;94,67952220242093
2025;9;4;21;0,0;0,0;0;0;9999;25;72,57783397119468
2025;9;4;22;0,0;0,0;0;0;9999;25;72,57783397119468
2025;9;4;23;0,0;0,0;0;0;9999;26;35,00642875553904
2025;9;5;0;0,0;0,0;0;0;9999;22;33,946806154568215
2025;9;5;1;0,0;0,0;0;0;9999;25;35,19694889248904
2025;9;5;2;0,0;0,0;0;0;9999;22;33,946806154568215
2025;9;5;3;0,0;0,0;0;0;9999;22;33,946806154568215
2025;9;5;4;0,0;0,0;0;0;9999;22;33,946806154568215
2025;9;5;5;0,0;0,0;0;0;9999;22;33,946806154568215
2025;9;5;6;0,0;0,0;0;0;9999;22;33,946806154568215
2025;9;5;7;0,0;0,0;0;0;9999;24;28,527168606728885
2025;9;5;8;0,0;0,0;0;0;9999;24;42,80349016720489
2025;9;5;9;0,0;0,0;0;0;9999;24;214,39331327643822
2025;9;5;10;0,0;0,0;0;0;9999;24;871,7723942890456
2025;9;5;11;0,0;0,0;0;0;9999;22;1631,286391410145
2025;9;5;12;2,1;2,1;1;0;9999;25;1836,9910969019231
2025;9;5;13;2,1;2,1;1;0;9999;25;2008,2727381210755
2025;9;5;14;2,1;2,1;1;0;9999;25;2008,2727381210755
2025;9;5;15;2,1;2,1;1;0;9999;25;1976,8211929636595
2025;9;5;16;2,1;2,1;1;0;9999;25;1799,6423802095478
2025;9;5;17;0,0;0,0;0;0;9999;24;1555,1075953670481
2025;9;5;18;3,6;3,6;1;0;9999;22;650,0670253349874
2025;9;5;19;3,6;3,6;1;0;9999;22;283,33471354606013
2025;9;5;20;3,6;3,6;1;0;9999;22;105,16598139333418
2025;9;5;21;3,6;3,6;1;0;9999;22;75,73106947862058
2025;9;5;22;3,6;3,6;1;0;9999;22;75,73106947862058
2025;9;5;23;3,6;3,6;1;0;9999;22;75,73106947862058
2025;9;6;0;3,6;3,6;1;0;9999;21;6,538362746579637
2025;9;6;1;3,6;3,6;1;0;9999;22;16,630902119146306
2025;9;6;2;3,6;3,6;1;0;9999;21;6,538362746579637
2025;9;6;3;3,6;3,6;1;0;9999;22;16,630902119146306
2025;9;6;4;3,6;3,6;1;0;9999;21;6,538362746579637
2025;9;6;5;3,6;3,6;1;0;9999;21;6,538362746579637
2025;9;6;6;3,6;3,6;1;1;8000;22;8,634043952550558
2025;9;6;7;3,6;3,6;1;0;9999;21;6,538362746579637
2025;9;6;8;3,6;3,6;1;1;8000;22;22,91036551302664
2025;9;6;9;3,6;3,6;1;0;9999;21;101,11146993808588
2025;9;6;10;3,6;3,6;1;1;8000;22;415,4191788656623
2025;9;6;11;3,6;3,6;1;1;8000;22;945,8088356196104
2025;9;6;12;3,6;3,6;1;1;8000;22;1218,4020851835664
2025;9;6;13;3,6;3,6;1;1;8000;22;1382,2758447119243
2025;9;6;14;3,6;3,6;1;1;8000;22;1382,2758447119243
2025;9;6;15;3,6;3,6;1;1;8000;22;1350,8242995545083
2025;9;6;16;3,6;3,6;1;1;8000;22;1173,6454868003966
2025;9;6;17;3,6;3,6;1;1;8000;22;905,3306291682277
2025;9;6;18;6,0;6,0;1;0;5000;20;524,1681597351994
2025;9;6;19;3,6;3,6;1;1;8000;22;195,92799146432114
2025;9;6;20;6,0;6,0;1;0;5000;20;2,020140477785841
2025;9;6;21;6,0;6,0;1;0;5000;20;-17,939762215119043
2025;9;6;22;6,0;6,0;1;0;5000;20;-17,939762215119043
2025;9;6;23;6,0;6,0;1;0;5000;20;-17,939762215119043
2025;9;7;0;3,6;3,6;1;0;8000;20;-4,841095679386205
2025;9;7;1;6,0;6,0;1;0;5000;20;-7,847668592328161
2025;9;7;2;3,6;3,6;1;0;8000;20;-4,841095679386205
2025;9;7;3;6,0;6,0;1;0;5000;20;-7,847668592328161
2025;9;7;4;3,6;3,6;1;0;8000;20;-4,841095679386205
2025;9;7;5;6,0;6,0;1;0;5000;20;-7,847668592328161
2025;9;7;6;3,6;3,6;1;0;4000;21;-7,040032301755599
2025;9;7;7;3,6;3,6;1;0;4000;21;-7,040032301755599
2025;9;7;8;3,6;3,6;1;0;4000;21;-1,1543012272183486
2025;9;7;9;3,6;3,6;1;0;8000;20;66,43732368643549
2025;9;7;10;3,6;3,6;1;0;4000;21;439,0579723685974
2025;9;7;11;3,6;3,6;1;0;8000;20;1057,9349295365437
2025;9;7;12;3,6;3,6;1;0;8000;22;1404,5443578565062
2025;9;7;13;3,6;3,6;1;0;8000;22;1574,3868755610142
2025;9;7;14;3,6;3,6;1;0;8000;22;1574,3868755610142
2025;9;7;15;3,6;3,6;1;0;8000;22;1542,935330403598
2025;9;7;16;3,6;3,6;1;0;8000;22;1365,7565176494863
2025;9;7;17;3,6;3,6;1;0;4000;21;1069,0448043481274
2025;9;7;18;3,6;3,6;1;0;9000;21;623,1837823961819
2025;9;7;19;3,6;3,6;1;0;9000;21;256,45147060725475
2025;9;7;20;3,6;3,6;1;0;8000;22;89,48280834237971
2025;9;7;21;3,6;3,6;1;0;9000;21;56,65537249275702
2025;9;7;22;3,6;3,6;1;0;9000;21;56,65537249275702
2025;9;7;23;3,6;3,6;1;0;9000;21;56,65537249275702
2025;9;8;0;3,6;3,6;1;0;8000;20;-4,841095679386205
2025;9;8;1;3,6;3,6;1;0;8000;20;-4,841095679386205
2025;9;8;2;3,6;3,6;1;0;8000;20;-4,841095679386205
2025;9;8;3;3,6;3,6;1;0;9000;21;4,8691232279821115
2025;9;8;4;3,6;3,6;1;0;8000;20;-4,841095679386205
2025;9;8;5;3,6;3,6;1;0;9000;21;4,8691232279821115
2025;9;8;6;3,6;3,6;1;0;9999;23;29,271552472634138
2025;9;8;7;3,6;3,6;1;0;8000;20;-4,841095679386205
2025;9;8;8;3,6;3,6;1;0;9999;23;43,54787403311017
2025;9;8;9;3,6;3,6;1;0;9999;23;149,93971736595756
2025;9;8;10;3,6;3,6;1;0;9999;23;513,577094576686
2025;9;8;11;3,6;3,6;1;0;9999;23;1162,334104691824
2025;9;8;12;3,6;3,6;1;0;9999;23;1427,9520870397416
2025;9;8;13;0,0;0,0;0;0;9999;24;2149,833588775092
2025;9;8;14;0,0;0,0;0;0;9999;24;2149,833588775092
2025;9;8;15;0,0;0,0;0;0;9999;24;2118,3820436176757
2025;9;8;16;0,0;0,0;0;0;9999;24;1879,7334497482889
2025;9;8;17;3,6;3,6;1;0;9999;23;1118,4400059782408
2025;9;8;18;2,1;2,1;1;0;9999;24;778,1692692592308
2025;9;8;19;2,1;2,1;1;0;9999;24;353,75664382803967
2025;9;8;20;2,1;2,1;1;0;9999;24;189,1209250354333
2025;9;8;21;2,1;2,1;1;0;9999;24;154,4775819305147
2025;9;8;22;2,1;2,1;1;0;9999;24;154,4775819305147
2025;9;8;23;0,0;0,0;0;0;9999;24;130,7229777570102
2025;9;9;0;2,1;2,1;1;0;9999;24;31,818094540596295
2025;9;9;1;2,1;2,1;1;0;9999;24;31,818094540596295
2025;9;9;2;2,1;2,1;1;0;9999;24;31,818094540596295
2025;9;9;3;2,1;2,1;1;0;9999;24;31,818094540596295
2025;9;9;4;2,1;2,1;1;0;9999;24;31,818094540596295
2025;9;9;5;2,1;2,1;1;0;9999;24;31,818094540596295
2025;9;9;6;2,1;2,1;1;0;8000;27;-231,67377720113504
2025;9;9;7;2,1;2,1;1;0;9999;24;31,818094540596295
2025;9;9;8;2,1;2,1;1;0;8000;27;-217,39745564065902
2025;9;9;9;2,1;2,1;1;0;9999;24;175,51448466963322
2025;9;9;10;2,1;2,1;1;0;8000;27;376,6039254372783
2025;9;9;11;2,1;2,1;1;0;8000;27;1264,6890834041835
2025;9;9;12;2,1;2,1;1;0;8000;27;1673,6857433672885
2025;9;9;13;2,1;2,1;1;0;8000;27;2163,030245063659
2025;9;9;14;2,1;2,1;1;0;8000;27;2163,030245063659
2025;9;9;15;0,9;0,9;1;0;8000;31;2289,462543884162
2025;9;9;16;0,9;0,9;1;0;8000;31;2005,9006663316102
2025;9;9;17;2,1;2,1;1;0;8000;27;1711,9393586037115
2025;9;9;18;3,6;3,6;1;1;8000;27;736,3014911605864
2025;9;9;19;3,6;3,6;1;1;8000;27;241,87553672922212
2025;9;9;20;3,6;3,6;1;1;8000;27;12,5652975435871
2025;9;9;21;3,6;3,6;1;1;8000;27;-21,839193112883855
2025;9;9;22;0,9;0,9;1;0;8000;31;-49,111719716554134
2025;9;9;23;0,9;0,9;1;0;8000;31;-49,111719716554134
