datahora,metar
01/09/2025 00:00,METAR SBSC 010000Z 01005KT 2000 SCT015 BR 20/18 Q1013
01/09/2025 01:00,METAR SBSC 010100Z 01005KT 2000 SCT015 BR 20/18 Q1013
01/09/2025 02:00,METAR SBSC 010200Z 01005KT 2000 SCT015 BR 20/18 Q1013
01/09/2025 03:00,METAR SBSC 010300Z 01005KT 2000 SCT015 BR 20/18 Q1013
01/09/2025 04:00,METAR SBSC 010400Z 01005KT 2000 SCT015 BR 20/18 Q1013
01/09/2025 05:00,METAR SBSC 010500Z 01005KT 2000 SCT015 BR 20/18 Q1013
01/09/2025 06:00,METAR SBSC 010600Z 12013KT 5000 BKN020 BR 21/19 Q1013
01/09/2025 07:00,METAR SBSC 010700Z 12013KT 3000 BKN020 BR 21/19 Q1013
01/09/2025 08:00,METAR SBSC 010800Z 01005KT 2000 SCT015 BR 20/18 Q1013
01/09/2025 09:00,METAR SBSC 010900Z 12013KT 3000 BKN020 BR 21/19 Q1013
01/09/2025 10:00,METAR SBSC 011000Z 12013KT 3000 BKN020 BR 21/19 Q1013
01/09/2025 11:00,METAR SBSC 011100Z 12013KT 5000 BKN020 BR 21/19 Q1013
01/09/2025 12:00,METAR SBSC 011200Z 12013KT 5000 BKN020 BR 21/19 Q1013
01/09/2025 13:00,METAR SBSC 011300Z 12014KT 5000 BKN030 BR 22/20 Q1013
01/09/2025 14:00,METAR SBSC 011400Z 12014KT 5000 BKN030 BR 22/20 Q1013
01/09/2025 15:00,METAR SBSC 011500Z 12014KT 5000 BKN030 BR 22/20 Q1013
01/09/2025 16:00,METAR SBSC 011600Z 12013KT 5000 BKN020 BR 21/19 Q1013
01/09/2025 17:00,METAR SBSC 011700Z 12014KT 5000 BKN030 BR 22/20 Q1013
01/09/2025 18:00,METAR SBSC 011800Z 02007KT 4000 BKN020 RA 22/20 Q1013
01/09/2025 19:00,METAR SBSC 011900Z 12014KT 5000 BKN030 BR 22/20 Q1013
01/09/2025 20:00,METAR SBSC 012000Z 02007KT 4000 BKN020 RA 22/20 Q1013
01/09/2025 21:00,METAR SBSC 012100Z 02007KT 4000 BKN020 RA 22/20 Q1013
01/09/2025 22:00,METAR SBSC 012200Z 12014KT 5000 BKN030 BR 22/20 Q1013
01/09/2025 23:00,METAR SBSC 012300Z 12014KT 5000 BKN030 BR 22/20 Q1013
02/09/2025 00:00,METAR SBSC 020000Z 02007KT 4000 BKN020 RA 22/20 Q1013
02/09/2025 01:00,METAR SBSC 020100Z 08006KT 9999 SCT025 20/18 Q1013
02/09/2025 02:00,METAR SBSC 020200Z 08006KT 9999 SCT025 20/18 Q1013
02/09/2025 03:00,METAR SBSC 020300Z 08006KT 9999 SCT025 20/18 Q1013
02/09/2025 04:00,METAR SBSC 020400Z 02007KT 4000 BKN020 RA 22/20 Q1013
02/09/2025 05:00,METAR SBSC 020500Z 02007KT 4000 BKN020 RA 22/20 Q1013
02/09/2025 06:00,METAR SBSC 020600Z 09010KT 9999 SCT040 23/21 Q1013
02/09/2025 07:00,METAR SBSC 020700Z 09010KT 9999 SCT040 23/21 Q1013
02/09/2025 08:00,METAR SBSC 020800Z 09010KT 9999 SCT040 23/21 Q1013
02/09/2025 09:00,METAR SBSC 020900Z 09010KT 9999 SCT040 23/21 Q1013
02/09/2025 10:00,METAR SBSC 021000Z 08006KT 9999 SCT025 20/18 Q1013
02/09/2025 11:00,METAR SBSC 021100Z 08006KT 9999 SCT025 20/18 Q1013
02/09/2025 12:00,METAR SBSC 021200Z 09010KT 9999 SCT040 23/21 Q1013
02/09/2025 13:00,METAR SBSC 021300Z 09012KT 9999 SCT025 24/22 Q1013
02/09/2025 14:00,METAR SBSC 021400Z 09012KT 9999 SCT025 24/22 Q1013
02/09/2025 15:00,METAR SBSC 021500Z 09012KT 9999 SCT025 24/22 Q1013
02/09/2025 16:00,METAR SBSC 021600Z 09012KT 9999 SCT025 24/22 Q1013
02/09/2025 17:00,METAR SBSC 021700Z 09010KT 9999 SCT040 23/21 Q1013
02/09/2025 18:00,METAR SBSC 021800Z 09012KT 9999 SCT025 24/22 Q1013
02/09/2025 19:00,METAR SBSC 021900Z 09012KT 9999 SCT025 24/22 Q1013
02/09/2025 20:00,METAR SBSC 022000Z 09010KT 9999 SCT030 23/21 Q1013
02/09/2025 21:00,METAR SBSC 022100Z 09010KT 9999 SCT030 23/21 Q1013
02/09/2025 22:00,METAR SBSC 022200Z 09010KT 9999 SCT030 23/21 Q1013
02/09/2025 23:00,METAR SBSC 022300Z 09010KT 9999 SCT030 23/21 Q1013
03/09/2025 00:00,METAR SBSC 030000Z 02007KT 9999 SCT020 20/18 Q1013
03/09/2025 01:00,METAR SBSC 030100Z 02007KT 9999 SCT020 20/18 Q1013
03/09/2025 02:00,METAR SBSC 030200Z 09010KT 9999 SCT030 23/21 Q1013
03/09/2025 03:00,METAR SBSC 030300Z 02007KT 9999 SCT020 20/18 Q1013
03/09/2025 04:00,METAR SBSC 030400Z 02007KT 9999 SCT020 20/18 Q1013
03/09/2025 05:00,METAR SBSC 030500Z 09010KT 9999 SCT030 23/21 Q1013
03/09/2025 06:00,METAR SBSC 030600Z 36010KT 9999 SCT030 22/20 Q1013
03/09/2025 07:00,METAR SBSC 030700Z 02007KT 9999 SCT020 20/18 Q1013
03/09/2025 08:00,METAR SBSC 030800Z 02007KT 9999 SCT020 20/18 Q1013
03/09/2025 09:00,METAR SBSC 030900Z 36010KT 9999 SCT030 22/20 Q1013
03/09/2025 10:00,METAR SBSC 031000Z 36010KT 9999 SCT030 22/20 Q1013
03/09/2025 11:00,METAR SBSC 031100Z 36010KT 9999 SCT030 22/20 Q1013
03/09/2025 12:00,METAR SBSC 031200Z 36011KT 9999 NSC 24/22 Q1013
03/09/2025 13:00,METAR SBSC 031300Z 36010KT 9999 SCT030 22/20 Q1013
03/09/2025 14:00,METAR SBSC 031400Z 36011KT 9999 NSC 24/22 Q1013
03/09/2025 15:00,METAR SBSC 031500Z 36010KT 9999 SCT030 22/20 Q1013
03/09/2025 16:00,METAR SBSC 031600Z 36011KT 9999 NSC 24/22 Q1013
03/09/2025 17:00,METAR SBSC 031700Z 36010KT 9999 SCT030 22/20 Q1013
03/09/2025 18:00,METAR SBSC 031800Z 36008KT 9999 SCT034 22/20 Q1013
03/09/2025 19:00,METAR SBSC 031900Z 36008KT 9999 SCT034 22/20 Q1013
03/09/2025 20:00,METAR SBSC 032000Z 36008KT 9999 SCT034 22/20 Q1013
03/09/2025 21:00,METAR SBSC 032100Z 36011KT 9999 NSC 24/22 Q1013
03/09/2025 22:00,METAR SBSC 032200Z 36008KT 9999 SCT034 22/20 Q1013
03/09/2025 23:00,METAR SBSC 032300Z 36008KT 9999 SCT034 22/20 Q1013
04/09/2025 00:00,METAR SBSC 040000Z 01007KT 9999 NSC 20/18 Q1013
04/09/2025 01:00,METAR SBSC 040100Z 01007KT 9999 NSC 20/18 Q1013
04/09/2025 02:00,METAR SBSC 040200Z 01007KT 9999 NSC 20/18 Q1013
04/09/2025 03:00,METAR SBSC 040300Z 01007KT 9999 NSC 20/18 Q1013
04/09/2025 04:00,METAR SBSC 040400Z 36008KT 9999 SCT034 22/20 Q1013
04/09/2025 05:00,METAR SBSC 040500Z 36008KT 9999 SCT034 22/20 Q1013
04/09/2025 06:00,METAR SBSC 040600Z 35014G25KT 9999 NSC 24/22 Q1013
04/09/2025 07:00,METAR SBSC 040700Z 35014G25KT 9999 NSC 24/22 Q1013
04/09/2025 08:00,METAR SBSC 040800Z 35014G25KT 9999 NSC 24/22 Q1013
04/09/2025 09:00,METAR SBSC 040900Z 35014G25KT 9999 NSC 24/22 Q1013
04/09/2025 10:00,METAR SBSC 041000Z 35014G25KT 9999 NSC 24/22 Q1013
04/09/2025 11:00,METAR SBSC 041100Z 01007KT 9999 NSC 20/18 Q1013
04/09/2025 12:00,METAR SBSC 041200Z 02007KT 9999 NSC 26/24 Q1013
04/09/2025 13:00,METAR SBSC 041300Z 35014G25KT 9999 NSC 24/22 Q1013
04/09/2025 14:00,METAR SBSC 041400Z 02007KT 9999 NSC 26/24 Q1013
04/09/2025 15:00,METAR SBSC 041500Z 02007KT 9999 NSC 26/24 Q1013
04/09/2025 16:00,METAR SBSC 041600Z 02007KT 9999 NSC 26/24 Q1013
04/09/2025 17:00,METAR SBSC 041700Z 02007KT 9999 NSC 26/24 Q1013
04/09/2025 18:00,METAR SBSC 041800Z 34012KT 9999 NSC 25/23 Q1013
04/09/2025 19:00,METAR SBSC 041900Z 34012KT 9999 NSC 25/23 Q1013
04/09/2025 20:00,METAR SBSC 042000Z 02007KT 9999 NSC 26/24 Q1013
04/09/2025 21:00,METAR SBSC 042100Z 34012KT 9999 NSC 25/23 Q1013
04/09/2025 22:00,METAR SBSC 042200Z 34012KT 9999 NSC 25/23 Q1013
04/09/2025 23:00,METAR SBSC 042300Z 02007KT 9999 NSC 26/24 Q1013
05/09/2025 00:00,METAR SBSC 050000Z 34005KT 9999 NSC 22/20 Q1013
05/09/2025 01:00,METAR SBSC 050100Z 34012KT 9999 NSC 25/23 Q1013
05/09/2025 02:00,METAR SBSC 050200Z 34005KT 9999 NSC 22/20 Q1013
05/09/2025 03:00,METAR SBSC 050300Z 34005KT 9999 NSC 22/20 Q1013
05/09/2025 04:00,METAR SBSC 050400Z 34005KT 9999 NSC 22/20 Q1013
05/09/2025 05:00,METAR SBSC 050500Z 34005KT 9999 NSC 22/20 Q1013
05/09/2025 06:00,METAR SBSC 050600Z 34005KT 9999 NSC 22/20 Q1013
05/09/2025 07:00,METAR SBSC 050700Z 24013G26KT 9999 NSC 24/22 Q1013
05/09/2025 08:00,METAR SBSC 050800Z 24013G26KT 9999 NSC 24/22 Q1013
05/09/2025 09:00,METAR SBSC 050900Z 24013G26KT 9999 NSC 24/22 Q1013
05/09/2025 10:00,METAR SBSC 051000Z 24013G26KT 9999 NSC 24/22 Q1013
05/09/2025 11:00,METAR SBSC 051100Z 34005KT 9999 NSC 22/20 Q1013
05/09/2025 12:00,METAR SBSC 051200Z 24013G26KT 9999 SCT025 25/23 Q1013
05/09/2025 13:00,METAR SBSC 051300Z 24013G26KT 9999 SCT025 25/23 Q1013
05/09/2025 14:00,METAR SBSC 051400Z 24013G26KT 9999 SCT025 25/23 Q1013
05/09/2025 15:00,METAR SBSC 051500Z 24013G26KT 9999 SCT025 25/23 Q1013
05/09/2025 16:00,METAR SBSC 051600Z 24013G26KT 9999 SCT025 25/23 Q1013
05/09/2025 17:00,METAR SBSC 051700Z 24013G26KT 9999 NSC 24/22 Q1013
05/09/2025 18:00,METAR SBSC 051800Z 20006KT 9999 BKN020 22/20 Q1013
05/09/2025 19:00,METAR SBSC 051900Z 20006KT 9999 BKN020 22/20 Q1013
05/09/2025 20:00,METAR SBSC 052000Z 20006KT 9999 BKN020 22/20 Q1013
05/09/2025 21:00,METAR SBSC 052100Z 20006KT 9999 BKN020 22/20 Q1013
05/09/2025 22:00,METAR SBSC 052200Z 20006KT 9999 BKN020 22/20 Q1013
05/09/2025 23:00,METAR SBSC 052300Z 20006KT 9999 BKN020 22/20 Q1013
06/09/2025 00:00,METAR SBSC 060000Z 20006KT 9999 BKN020 21/19 Q1013
06/09/2025 01:00,METAR SBSC 060100Z 20006KT 9999 BKN020 22/20 Q1013
06/09/2025 02:00,METAR SBSC 060200Z 20006KT 9999 BKN020 21/19 Q1013
06/09/2025 03:00,METAR SBSC 060300Z 20006KT 9999 BKN020 22/20 Q1013
06/09/2025 04:00,METAR SBSC 060400Z 20006KT 9999 BKN020 21/19 Q1013
06/09/2025 05:00,METAR SBSC 060500Z 20006KT 9999 BKN020 21/19 Q1013
06/09/2025 06:00,METAR SBSC 060600Z 20007KT 8000 BKN020 RA 22/20 Q1013
06/09/2025 07:00,METAR SBSC 060700Z 20006KT 9999 BKN020 21/19 Q1013
06/09/2025 08:00,METAR SBSC 060800Z 20007KT 8000 BKN020 RA 22/20 Q1013
06/09/2025 09:00,METAR SBSC 060900Z 20006KT 9999 BKN020 21/19 Q1013
06/09/2025 10:00,METAR SBSC 061000Z 20007KT 8000 BKN020 RA 22/20 Q1013
06/09/2025 11:00,METAR SBSC 061100Z 20007KT 8000 BKN020 RA 22/20 Q1013
06/09/2025 12:00,METAR SBSC 061200Z 16007KT 8000 BKN020 RA 22/20 Q1013
06/09/2025 13:00,METAR SBSC 061300Z 16007KT 8000 BKN020 RA 22/20 Q1013
06/09/2025 14:00,METAR SBSC 061400Z 16007KT 8000 BKN020 RA 22/20 Q1013
06/09/2025 15:00,METAR SBSC 061500Z 20007KT 8000 BKN020 RA 22/20 Q1013
06/09/2025 16:00,METAR SBSC 061600Z 16007KT 8000 BKN020 RA 22/20 Q1013
06/09/2025 17:00,METAR SBSC 061700Z 20007KT 8000 BKN020 RA 22/20 Q1013
06/09/2025 18:00,METAR SBSC 061800Z 11005KT 5000 BKN012 BR 20/18 Q1013
06/09/2025 19:00,METAR SBSC 061900Z 16007KT 8000 BKN020 RA 22/20 Q1013
06/09/2025 20:00,METAR SBSC 062000Z 11005KT 5000 BKN012 BR 20/18 Q1013
06/09/2025 21:00,METAR SBSC 062100Z 11005KT 5000 BKN012 BR 20/18 Q1013
06/09/2025 22:00,METAR SBSC 062200Z 11005KT 5000 BKN012 BR 20/18 Q1013
06/09/2025 23:00,METAR SBSC 062300Z 11005KT 5000 BKN012 BR 20/18 Q1013
07/09/2025 00:00,METAR SBSC 070000Z 11005KT 8000 BKN030 20/18 Q1013
07/09/2025 01:00,METAR SBSC 070100Z 11005KT 5000 BKN012 BR 20/18 Q1013
07/09/2025 02:00,METAR SBSC 070200Z 11005KT 8000 BKN030 20/18 Q1013
07/09/2025 03:00,METAR SBSC 070300Z 11005KT 5000 BKN012 BR 20/18 Q1013
07/09/2025 04:00,METAR SBSC 070400Z 11005KT 8000 BKN030 20/18 Q1013
07/09/2025 05:00,METAR SBSC 070500Z 11005KT 5000 BKN012 BR 20/18 Q1013
07/09/2025 06:00,METAR SBSC 070600Z 11014KT 4000 BKN020 BR 21/19 Q1013
07/09/2025 07:00,METAR SBSC 070700Z 11014KT 4000 BKN020 BR 21/19 Q1013
07/09/2025 08:00,METAR SBSC 070800Z 11014KT 4000 BKN020 BR 21/19 Q1013
07/09/2025 09:00,METAR SBSC 070900Z 11005KT 8000 BKN030 20/18 Q1013
07/09/2025 10:00,METAR SBSC 071000Z 11014KT 4000 BKN020 BR 21/19 Q1013
07/09/2025 11:00,METAR SBSC 071100Z 11005KT 8000 BKN030 20/18 Q1013
07/09/2025 12:00,METAR SBSC 071200Z 11014KT 8000 BKN020 22/20 Q1013
07/09/2025 13:00,METAR SBSC 071300Z 11014KT 8000 BKN020 22/20 Q1013
07/09/2025 14:00,METAR SBSC 071400Z 11014KT 8000 BKN020 22/20 Q1013
07/09/2025 15:00,METAR SBSC 071500Z 11014KT 8000 BKN020 22/20 Q1013
07/09/2025 16:00,METAR SBSC 071600Z 11014KT 8000 BKN020 22/20 Q1013
07/09/2025 17:00,METAR SBSC 071700Z 11014KT 4000 BKN020 BR 21/19 Q1013
07/09/2025 18:00,METAR SBSC 071800Z 10009KT 9000 BKN020 21/19 Q1013
07/09/2025 19:00,METAR SBSC 071900Z 10009KT 9000 BKN020 21/19 Q1013
07/09/2025 20:00,METAR SBSC 072000Z 11014KT 8000 BKN020 22/20 Q1013
07/09/2025 21:00,METAR SBSC 072100Z 10009KT 9000 BKN020 21/19 Q1013
07/09/2025 22:00,METAR SBSC 072200Z 10009KT 9000 BKN020 21/19 Q1013
07/09/2025 23:00,METAR SBSC 072300Z 10009KT 9000 BKN020 21/19 Q1013
08/09/2025 00:00,METAR SBSC 080000Z 07006KT 8000 BKN025 20/18 Q1013
08/09/2025 01:00,METAR SBSC 080100Z 07006KT 8000 BKN025 20/18 Q1013
08/09/2025 02:00,METAR SBSC 080200Z 07006KT 8000 BKN025 20/18 Q1013
08/09/2025 03:00,METAR SBSC 080300Z 10009KT 9000 BKN020 21/19 Q1013
08/09/2025 04:00,METAR SBSC 080400Z 07006KT 8000 BKN025 20/18 Q1013
08/09/2025 05:00,METAR SBSC 080500Z 10009KT 9000 BKN020 21/19 Q1013
08/09/2025 06:00,METAR SBSC 080600Z 09005KT 9999 BKN030 23/21 Q1013
08/09/2025 07:00,METAR SBSC 080700Z 07006KT 8000 BKN025 20/18 Q1013
08/09/2025 08:00,METAR SBSC 080800Z 09005KT 9999 BKN030 23/21 Q1013
08/09/2025 09:00,METAR SBSC 080900Z 09005KT 9999 BKN030 23/21 Q1013
08/09/2025 10:00,METAR SBSC 081000Z 09005KT 9999 BKN030 23/21 Q1013
08/09/2025 11:00,METAR SBSC 081100Z 09005KT 9999 BKN030 23/21 Q1013
08/09/2025 12:00,METAR SBSC 081200Z 09005KT 9999 BKN030 23/21 Q1013
08/09/2025 13:00,METAR SBSC 081300Z 09005KT 9999 NSC 24/22 Q1013
08/09/2025 14:00,METAR SBSC 081400Z 09005KT 9999 NSC 24/22 Q1013
08/09/2025 15:00,METAR SBSC 081500Z 09005KT 9999 NSC 24/22 Q1013
08/09/2025 16:00,METAR SBSC 081600Z 09005KT 9999 NSC 24/22 Q1013
08/09/2025 17:00,METAR SBSC 081700Z 09005KT 9999 BKN030 23/21 Q1013
08/09/2025 18:00,METAR SBSC 081800Z 36017G33KT 9999 SCT020 24/22 Q1013
08/09/2025 19:00,METAR SBSC 081900Z 36017G33KT 9999 SCT020 24/22 Q1013
08/09/2025 20:00,METAR SBSC 082000Z 36017G33KT 9999 SCT020 24/22 Q1013
08/09/2025 21:00,METAR SBSC 082100Z 36017G33KT 9999 SCT020 24/22 Q1013
08/09/2025 22:00,METAR SBSC 082200Z 36017G33KT 9999 SCT020 24/22 Q1013
08/09/2025 23:00,METAR SBSC 082300Z 09005KT 9999 NSC 24/22 Q1013
09/09/2025 00:00,METAR SBSC 090000Z 36017G33KT 9999 SCT020 24/22 Q1013
09/09/2025 01:00,METAR SBSC 090100Z 36017G33KT 9999 SCT020 24/22 Q1013
09/09/2025 02:00,METAR SBSC 090200Z 36017G33KT 9999 SCT020 24/22 Q1013
09/09/2025 03:00,METAR SBSC 090300Z 36017G33KT 9999 SCT020 24/22 Q1013
09/09/2025 04:00,METAR SBSC 090400Z 36017G33KT 9999 SCT020 24/22 Q1013
09/09/2025 05:00,METAR SBSC 090500Z 36017G33KT 9999 SCT020 24/22 Q1013
09/09/2025 06:00,METAR SBSC 090600Z 27006G30KT 8000 SCT020 27/25 Q1013
09/09/2025 07:00,METAR SBSC 090700Z 36017G33KT 9999 SCT020 24/22 Q1013
09/09/2025 08:00,METAR SBSC 090800Z 27006G30KT 8000 SCT020 27/25 Q1013
09/09/2025 09:00,METAR SBSC 090900Z 36017G33KT 9999 SCT020 24/22 Q1013
09/09/2025 10:00,METAR SBSC 091000Z 27006G30KT 8000 SCT020 27/25 Q1013
09/09/2025 11:00,METAR SBSC 091100Z 27006G30KT 8000 SCT020 27/25 Q1013
09/09/2025 12:00,METAR SBSC 091200Z 27006G30KT 8000 SCT020 27/25 Q1013
09/09/2025 13:00,METAR SBSC 091300Z 27006G30KT 8000 SCT020 27/25 Q1013
09/09/2025 14:00,METAR SBSC 091400Z 27006G30KT 8000 SCT020 27/25 Q1013
09/09/2025 15:00,METAR SBSC 091500Z 27006G30KT 8000 FEW020 31/29 Q1013
09/09/2025 16:00,METAR SBSC 091600Z 27006G30KT 8000 FEW020 31/29 Q1013
09/09/2025 17:00,METAR SBSC 091700Z 27006G30KT 8000 SCT020 27/25 Q1013
09/09/2025 18:00,METAR SBSC 091800Z 19007KT 8000 BKN020 TSRA 27/25 Q1013
09/09/2025 19:00,METAR SBSC 091900Z 19007KT 8000 BKN020 TSRA 27/25 Q1013
09/09/2025 20:00,METAR SBSC 092000Z 19007KT 8000 BKN020 TSRA 27/25 Q1013
09/09/2025 21:00,METAR SBSC 092100Z 19007KT 8000 BKN020 TSRA 27/25 Q1013
09/09/2025 22:00,METAR SBSC 092200Z 27006G30KT 8000 FEW020 31/29 Q1013
09/09/2025 23:00,METAR SBSC 092300Z 27006G30KT 8000 FEW020 31/29 Q1013
10/09/2025 00:00,METAR SBSC 100000Z 19007KT 8000 BKN020 TSRA 27/25 Q1013
10/09/2025 01:00,METAR SBSC 100100Z 19007KT 8000 BKN020 TSRA 27/25 Q1013
10/09/2025 02:00,METAR SBSC 100200Z 19007KT 8000 BKN020 TSRA 27/25 Q1013
10/09/2025 03:00,METAR SBSC 100300Z 19007KT 8000 BKN020 TSRA 27/25 Q1013
10/09/2025 04:00,METAR SBSC 100400Z 19007KT 8000 BKN020 TSRA 27/25 Q1013
10/09/2025 05:00,METAR SBSC 100500Z 19007KT 8000 BKN020 TSRA 27/25 Q1013
