estacao,validade_ini,validade_fim,taf,recebimento
SBSC,2025-09-01 00:00:00,2025-09-01 12:00:00,TAF SBSC 312100Z 0100/0112 01005KT 8000 SCT015 TN17/0109Z TX23/0111Z PROB30 0106/0110 2000 BR RMK PAB=,2025-08-31 21:31:52
SBSC,2025-09-01 06:00:00,2025-09-01 18:00:00,TAF SBSC 010300Z 0106/0118 03004KT 9999 BKN011 TN18/0107Z TX24/0115Z PROB30 0107/0110 3000 BR BKN005 BECMG 0113/0114 12013KT SCT010 BKN020 PROB40 0116/0118 5000 -RA BR RMK PFP=,2025-09-01 04:04:11
SBSC,2025-09-01 12:00:00,2025-09-02 00:00:00,TAF SBSC 010900Z 0112/0124 08007KT 9999 SCT030 TX25/0115Z TN20/0123Z PROB40 0114/0118 12014KT 5000 -RA BR BKN030 RMK PFP=,2025-09-01 09:54:17
SBSC,2025-09-01 18:00:00,2025-09-02 06:00:00,TAF SBSC 011500Z 0118/0206 11009KT 9999 SCT020 TX24/0118Z TN19/0205Z TEMPO 0118/0121 4000 RA BKN015 BECMG 0200/0202 02007KT BKN020 RMK PEG=,2025-09-01 16:33:04
SBSC,2025-09-02 00:00:00,2025-09-02 12:00:00,TAF SBSC 012100Z 0200/0212 02007KT 9999 BKN020 TN19/0205Z TX22/0212Z BECMG 0210/0212 08006KT SCT025 RMK PEG=,2025-09-01 20:49:07
SBSC,2025-09-02 06:00:00,2025-09-02 18:00:00,TAF SBSC 020300Z 0206/0218 02003KT 9999 SCT020 SCT040 TN19/0208Z TX27/0217Z BECMG 0212/0214 09010KT RMK PEU=,2025-09-02 03:05:23
SBSC,2025-09-02 12:00:00,2025-09-03 00:00:00,TAF SBSC 020900Z 0212/0224 09012KT 9999 SCT025 TX27/0218Z TN20/0223Z RMK PEU=,2025-09-02 09:19:51
SBSC,2025-09-02 18:00:00,2025-09-03 06:00:00,TAF SBSC 021500Z 0218/0306 09010KT 9999 SCT030 TX27/0218Z TN19/0305Z RMK PFQ=,2025-09-02 16:36:56
SBSC,2025-09-03 00:00:00,2025-09-03 12:00:00,TAF SBSC 022100Z 0300/0312 02007KT 9999 SCT020 TN18/0308Z TX21/0311Z RMK PFQ=,2025-09-02 21:11:08
SBSC,2025-09-03 06:00:00,2025-09-03 18:00:00,TAF SBSC 030300Z 0306/0318 36010KT 9999 SCT030 TN18/0309Z TX27/0318Z RMK PFR=,2025-09-03 02:47:37
SBSC,2025-09-03 12:00:00,2025-09-04 00:00:00,TAF SBSC 030900Z 0312/0324 36011KT CAVOK TN22/0312Z TX27/0318Z RMK PFR=,2025-09-03 09:16:12
SBSC,2025-09-03 18:00:00,2025-09-04 06:00:00,TAF SBSC 031500Z 0318/0406 36008KT 9999 SCT034 TX26/0318Z TN19/0405Z RMK P FM=,2025-09-03 15:39:12
SBSC,2025-09-04 00:00:00,2025-09-04 12:00:00,TAF SBSC 032100Z 0400/0412 01007KT CAVOK TX21/0400Z TN18/0408Z RMK P FM=,2025-09-03 21:00:16
SBSC,2025-09-04 06:00:00,2025-09-04 18:00:00,TAF SBSC 040300Z 0406/0418 35010KT CAVOK TN19/0406Z TX28/0416Z PROB40 TEMPO 0414/0418 35014G25KT RMK PAA=,2025-09-04 03:39:01
SBSC,2025-09-04 12:00:00,2025-09-05 00:00:00,TAF SBSC 040900Z 0412/0424 02007KT CAVOK TN23/0412Z TX29/0418Z RMK PAA=,2025-09-04 09:18:39
SBSC,2025-09-04 18:00:00,2025-09-05 06:00:00,TAF SBSC 041500Z 0418/0506 34012KT CAVOK TX31/0418Z TN19/0506Z RMK PDY=,2025-09-04 16:16:25
SBSC,2025-09-05 00:00:00,2025-09-05 12:00:00,TAF SBSC 042100Z 0500/0512 34005KT CAVOK TN19/0506Z TX24/0512Z RMK PDY=,2025-09-04 21:12:00
SBSC,2025-09-05 06:00:00,2025-09-05 18:00:00,TAF SBSC 050300Z 0506/0518 34005KT CAVOK TN19/0509Z TX30/0515Z TEMPO 0512/0518 24013G26KT RMK PAC=,2025-09-05 03:22:05
SBSC,2025-09-05 12:00:00,2025-09-06 00:00:00,TAF SBSC 050900Z 0512/0524 34008KT CAVOK TX30/0515Z TN20/0524Z TEMPO 0512/0518 24013G26KT BECMG 0518/0520 9999 SCT025 RMK PAC=,2025-09-05 09:27:30
SBSC,2025-09-05 18:00:00,2025-09-06 06:00:00,TAF SBSC 051500Z 0518/0606 14011KT 9999 FEW025 TX23/0518Z TN20/0604Z BECMG 0601/0602 20006KT BKN020 RMK PEG=,2025-09-05 16:26:25
SBSC,2025-09-06 00:00:00,2025-09-06 12:00:00,TAF SBSC 052100Z 0600/0612 19011G25KT 9999 FEW025 TN20/0604Z TX22/0612Z BECMG 0601/0602 20006KT BKN020 RMK PEG=,2025-09-05 21:00:45
SBSC,2025-09-06 06:00:00,2025-09-06 18:00:00,TAF SBSC 060300Z 0606/0618 20007KT 5000 BR SCT008 BKN012 TN20/0607Z TX23/0615Z BECMG 0610/0612 9999 NSW BKN020 TEMPO 0614/0618 8000 RA RMK PEL=,2025-09-06 03:02:34
SBSC,2025-09-06 12:00:00,2025-09-07 00:00:00,TAF SBSC 060900Z 0612/0624 20007KT 9999 SCT012 BKN020 TX23/0615Z TN20/0624Z BECMG 0614/0616 19010KT BKN020 TEMPO 0620/0624 16007KT 8000 RA SCT010 BKN020 RMK PEL=,2025-09-06 09:37:24
SBSC,2025-09-06 18:00:00,2025-09-07 06:00:00,TAF SBSC 061500Z 0618/0706 11005KT 8000 BKN030 TX21/0618Z TN19/0705Z PROB30 0621/0624 BKN013 PROB30 0700/0706 5000 BR BKN012 RMK PDE=,2025-09-06 16:40:45
SBSC,2025-09-07 00:00:00,2025-09-07 12:00:00,TAF SBSC 062100Z 0700/0712 11005KT 8000 BKN030 TN19/0705Z TX20/0711Z RMK PDE=,2025-09-06 21:31:26
SBSC,2025-09-07 06:00:00,2025-09-07 18:00:00,TAF SBSC 070300Z 0706/0718 12004KT 8000 BKN012 TN19/0709Z TX23/0718Z TEMPO 0706/0713 4000 -RA BR BECMG 0713/0714 BKN020 TEMPO 0715/0718 11014KT RMK PFO=,2025-09-07 03:31:19
SBSC,2025-09-07 12:00:00,2025-09-08 00:00:00,TAF SBSC 070900Z 0712/0724 12004KT 8000 BKN012 TX23/0718Z TN20/0724Z BECMG 0713/0714 BKN020 TEMPO 0715/0720 11014KT RMK PFO=,2025-09-07 09:38:22
SBSC,2025-09-07 18:00:00,2025-09-08 06:00:00,TAF SBSC 071500Z 0718/0806 10009KT 9000 SCT014 BKN020 TX23/0718Z TN19/0805Z RMK PEU=,2025-09-07 16:09:07
SBSC,2025-09-08 00:00:00,2025-09-08 12:00:00,TAF SBSC 072100Z 0800/0812 07006KT 8000 SCT009 BKN025 TN18/0807Z TX22/0812Z RMK PEU=,2025-09-07 21:05:43
SBSC,2025-09-08 06:00:00,2025-09-08 18:00:00,TAF SBSC 080300Z 0806/0818 09005KT 9999 BKN020 TN19/0807Z TX27/0817Z BECMG 0813/0815 BKN030 RMK PEH=,2025-09-08 03:00:51
SBSC,2025-09-08 12:00:00,2025-09-09 00:00:00,TAF SBSC 080900Z 0812/0824 09005KT 9999 BKN020 TX27/0817Z TN21/0824Z BECMG 0813/0815 SCT030 BECMG 0820/0822 CAVOK RMK PEH=,2025-09-08 09:30:37
SBSC,2025-09-08 18:00:00,2025-09-09 06:00:00,TAF SBSC 081500Z 0818/0906 02008KT 9999 SCT020 TX27/0818Z TN21/0904Z BECMG 0902/0904 36017G33KT RMK PEG=,2025-09-08 16:37:34
SBSC,2025-09-09 00:00:00,2025-09-09 12:00:00,TAF SBSC 092100Z 0900/0912 02008KT 9999 SCT020 TN21/0904Z TX27/0912Z BECMG 0902/0904 36017G33KT RMK PEG=,2025-09-08 20:57:53
SBSC,2025-09-09 06:00:00,2025-09-09 18:00:00,TAF SBSC 090300Z 0906/0918 27006G30KT 8000 BKN015 TN20/0906Z TX34/0917Z BECMG 0912/0914 SCT020 RMK PDE=,2025-09-09 03:11:14
SBSC,2025-09-09 12:00:00,2025-09-10 00:00:00,TAF SBSC 090900Z 0912/0924 27006G30KT 8000 FEW020 TX34/0917Z TN28/0923Z RMK PDE=,2025-09-09 09:28:47
SBSC,2025-09-09 18:00:00,2025-09-10 06:00:00,TAF SBSC 091500Z 0918/1006 17015G26KT 9999 SCT030 TX35/0918Z TN19/1005Z TEMPO 1000/1004 8000 TSRA BKN020 FEW030CB BECMG 1004/1006 19007KT BKN020 RMK PDV=,2025-09-09 16:54:04
