2024-11-17 00:00:00,0.0
2024-11-17 01:00:00,0.0
2024-11-17 02:00:00,0.0
2024-11-17 03:00:00,0.0
2024-11-17 04:00:00,0.0
2024-11-17 05:00:00,0.0
2024-11-17 06:00:00,0.0
2024-11-17 07:00:00,0.0
2024-11-17 08:00:00,57.1
2024-11-17 09:00:00,312.3
2024-11-17 10:00:00,434.6
2024-11-17 11:00:00,1077.7
2024-11-17 12:00:00,1647.2
2024-11-17 13:00:00,2160.9
2024-11-17 14:00:00,2046.0
2024-11-17 15:00:00,1607.1
2024-11-17 16:00:00,1279.5
2024-11-17 17:00:00,817.7
2024-11-17 18:00:00,317.5
2024-11-17 19:00:00,253.0
2024-11-17 20:00:00,57.8
2024-11-17 21:00:00,0.6
2024-11-17 22:00:00,0.0
2024-11-17 23:00:00,0.0
Total,12069.0
