2026-03-10T00:00:57.898019Z,0.0
2026-03-10T00:01:57.899622Z,0.0
2026-03-10T00:02:57.892431Z,0.0
2026-03-10T00:03:57.895095Z,0.0
2026-03-10T00:04:57.921348Z,0.0
2026-03-10T00:05:57.924681Z,0.0
2026-03-10T00:06:57.903462Z,0.0
2026-03-10T00:07:57.895495Z,0.0
2026-03-10T00:08:57.896677Z,0.0
2026-03-10T00:09:57.895776Z,0.0
2026-03-10T00:10:57.899259Z,0.0
2026-03-10T00:11:57.913355Z,0.0
2026-03-10T00:12:57.904857Z,0.0
2026-03-10T00:13:57.919901Z,0.0
2026-03-10T00:14:57.914149Z,0.0
2026-03-10T00:15:57.904234Z,0.0
2026-03-10T00:16:57.908373Z,0.0
2026-03-10T00:17:57.897518Z,0.0
2026-03-10T00:18:57.920280Z,0.0
2026-03-10T00:19:57.909408Z,0.0
2026-03-10T00:20:57.925525Z,0.0
2026-03-10T00:21:57.926368Z,0.0
2026-03-10T00:22:57.933252Z,0.0
2026-03-10T00:23:57.913180Z,0.0
2026-03-10T00:24:57.913973Z,0.0
2026-03-10T00:25:57.920397Z,0.0
2026-03-10T00:26:57.906488Z,0.0
2026-03-10T00:27:57.934048Z,0.0
2026-03-10T00:28:57.910175Z,0.0
2026-03-10T00:29:57.924060Z,0.0
2026-03-10T00:30:57.928109Z,0.0
2026-03-10T00:31:57.905178Z,0.0
2026-03-10T00:32:57.915099Z,0.0
2026-03-10T00:33:57.913815Z,0.0
2026-03-10T00:34:57.924877Z,0.0
2026-03-10T00:35:57.913289Z,0.0
2026-03-10T00:36:57.924394Z,0.0
2026-03-10T00:37:57.931522Z,0.0
2026-03-10T00:38:57.937896Z,0.0
2026-03-10T00:39:57.930418Z,0.0
2026-03-10T00:40:57.938169Z,0.0
2026-03-10T00:41:57.925197Z,0.0
2026-03-10T00:42:57.933498Z,0.0
2026-03-10T00:43:57.929127Z,0.0
2026-03-10T00:44:57.918394Z,0.0
2026-03-10T00:45:57.943753Z,0.0
2026-03-10T00:46:57.914941Z,0.0
2026-03-10T00:47:57.933247Z,0.0
2026-03-10T00:48:57.927286Z,0.0
2026-03-10T00:49:57.944027Z,0.0
2026-03-10T00:50:57.930545Z,0.0
2026-03-10T00:51:57.954200Z,0.0
2026-03-10T00:52:57.947614Z,0.0
2026-03-10T00:53:57.948423Z,0.0
2026-03-10T00:54:57.948225Z,0.0
2026-03-10T00:55:57.942915Z,0.0
2026-03-10T00:56:57.934026Z,0.0
2026-03-10T00:57:57.926012Z,0.0
2026-03-10T00:58:57.951429Z,0.0
2026-03-10T00:59:57.951730Z,0.0
2026-03-10T01:00:57.938633Z,0.0
2026-03-10T01:01:57.952400Z,0.0
2026-03-10T01:02:57.957938Z,0.0
2026-03-10T01:03:57.955998Z,0.0
2026-03-10T01:04:57.953165Z,0.0
2026-03-10T01:05:57.948048Z,0.0
2026-03-10T01:06:57.965120Z,0.0
2026-03-10T01:07:57.936021Z,0.0
2026-03-10T01:08:57.942899Z,0.0
2026-03-10T01:09:57.951940Z,0.0
2026-03-10T01:10:57.962246Z,0.0
2026-03-10T01:11:57.951446Z,0.0
2026-03-10T01:12:57.939114Z,0.0
2026-03-10T01:13:57.956263Z,0.0
2026-03-10T01:14:57.949403Z,0.0
2026-03-10T01:15:57.943606Z,0.0
2026-03-10T01:16:57.951079Z,0.0
2026-03-10T01:17:57.931590Z,0.0
2026-03-10T01:18:57.957981Z,0.0
2026-03-10T01:19:57.953931Z,0.0
2026-03-10T01:20:57.945784Z,0.0
2026-03-10T01:21:57.956998Z,0.0
2026-03-10T01:22:57.956449Z,0.0
2026-03-10T01:23:57.940303Z,0.0
2026-03-10T01:24:57.951490Z,0.0
2026-03-10T01:25:57.945830Z,0.0
2026-03-10T01:26:57.931339Z,0.0
2026-03-10T01:27:57.971433Z,0.0
2026-03-10T01:28:57.952083Z,0.0
2026-03-10T01:29:57.956738Z,0.0
2026-03-10T01:30:57.982101Z,0.0
2026-03-10T01:31:57.963535Z,0.0
2026-03-10T01:32:57.969164Z,0.0
2026-03-10T01:33:57.977605Z,0.0
2026-03-10T01:34:57.966121Z,0.0
2026-03-10T01:35:57.945826Z,0.0
2026-03-10T01:36:57.965180Z,0.0
2026-03-10T01:37:57.955717Z,0.0
2026-03-10T01:38:57.959826Z,0.0
2026-03-10T01:39:57.967807Z,0.0
2026-03-10T01:40:57.962488Z,0.0
2026-03-10T01:41:57.951414Z,0.0
2026-03-10T01:42:57.990852Z,0.0
2026-03-10T01:43:57.978374Z,0.0
2026-03-10T01:44:57.958667Z,0.0
2026-03-10T01:45:57.950885Z,0.0
2026-03-10T01:46:57.980691Z,0.0
2026-03-10T01:47:57.968848Z,0.0
2026-03-10T01:48:57.964136Z,0.0
2026-03-10T01:49:57.968179Z,0.0
2026-03-10T01:50:57.975892Z,0.0
2026-03-10T01:51:57.969286Z,0.0
2026-03-10T01:52:57.963358Z,0.0
2026-03-10T01:53:57.952398Z,0.0
2026-03-10T01:54:57.976460Z,0.0
2026-03-10T01:55:57.988576Z,0.0
2026-03-10T01:56:57.965497Z,0.0
2026-03-10T01:57:57.963458Z,0.0
2026-03-10T01:58:57.969809Z,0.0
2026-03-10T01:59:57.966570Z,0.0
2026-03-10T02:00:57.968562Z,0.0
2026-03-10T02:01:57.977341Z,0.0
2026-03-10T02:02:57.968694Z,0.0
2026-03-10T02:03:57.988850Z,0.0
2026-03-10T02:04:57.967037Z,0.0
2026-03-10T02:05:57.993438Z,0.0
2026-03-10T02:06:57.977796Z,0.0
2026-03-10T02:07:57.962885Z,0.0
2026-03-10T02:08:58.000507Z,0.0
2026-03-10T02:09:57.968718Z,0.0
2026-03-10T02:10:57.955814Z,0.0
2026-03-10T02:11:57.986475Z,0.0
2026-03-10T02:12:57.972811Z,0.0
2026-03-10T02:13:57.961785Z,0.0
2026-03-10T02:14:57.987923Z,0.0
2026-03-10T02:15:57.974238Z,0.0
2026-03-10T02:16:57.972944Z,0.0
2026-03-10T02:17:57.982537Z,0.0
2026-03-10T02:18:57.976597Z,0.0
2026-03-10T02:19:57.968810Z,0.0
2026-03-10T02:20:57.992464Z,0.0
2026-03-10T02:21:57.977508Z,0.0
2026-03-10T02:22:57.985831Z,0.0
2026-03-10T02:23:57.999993Z,0.0
2026-03-10T02:24:57.985959Z,0.0
2026-03-10T02:25:57.985364Z,0.0
2026-03-10T02:26:57.995349Z,0.0
2026-03-10T02:27:57.992614Z,0.0
2026-03-10T02:28:58.009512Z,0.0
2026-03-10T02:29:57.986464Z,0.0
2026-03-10T02:30:58.010955Z,0.0
2026-03-10T02:31:57.986615Z,0.0
2026-03-10T02:32:57.985685Z,0.0
2026-03-10T02:33:58.002062Z,0.0
2026-03-10T02:34:57.996565Z,0.0
2026-03-10T02:35:58.011516Z,0.0
2026-03-10T02:36:57.993626Z,0.0
2026-03-10T02:37:57.996222Z,0.0
2026-03-10T02:38:58.155909Z,0.0
2026-03-10T02:39:57.992898Z,0.0
2026-03-10T02:40:57.996965Z,0.0
2026-03-10T02:41:57.990515Z,0.0
2026-03-10T02:42:57.986055Z,0.0
2026-03-10T02:43:58.016991Z,0.0
2026-03-10T02:44:57.994371Z,0.0
2026-03-10T02:45:58.004056Z,0.0
2026-03-10T02:46:57.980259Z,0.0
2026-03-10T02:47:57.991168Z,0.0
2026-03-10T02:48:57.994417Z,0.0
2026-03-10T02:49:57.989911Z,0.0
2026-03-10T02:50:57.996405Z,0.0
2026-03-10T02:51:58.007512Z,0.0
2026-03-10T02:52:58.014815Z,0.0
2026-03-10T02:53:57.991035Z,0.0
2026-03-10T02:54:57.998531Z,0.0
2026-03-10T02:55:58.014862Z,0.0
2026-03-10T02:56:57.996598Z,0.0
2026-03-10T02:57:58.012874Z,0.0
2026-03-10T02:58:58.005282Z,0.0
2026-03-10T02:59:58.005619Z,0.0
2026-03-10T03:00:58.467017Z,0.0
2026-03-10T03:01:58.012129Z,0.0
2026-03-10T03:02:58.017726Z,0.0
2026-03-10T03:03:58.026666Z,0.0
2026-03-10T03:04:58.010619Z,0.0
2026-03-10T03:05:58.016601Z,0.0
2026-03-10T03:06:58.012323Z,0.0
2026-03-10T03:07:57.997770Z,0.0
2026-03-10T03:08:58.042584Z,0.0
2026-03-10T03:09:58.006387Z,0.0
2026-03-10T03:10:58.001023Z,0.0
2026-03-10T03:11:58.012261Z,0.0
2026-03-10T03:12:58.023826Z,0.0
2026-03-10T03:14:07.737781Z,0.0
2026-03-10T03:14:59.662512Z,0.0
2026-03-10T03:15:59.653669Z,0.0
2026-03-10T03:16:59.656731Z,0.0
2026-03-10T03:17:59.664881Z,0.0
2026-03-10T03:18:59.642637Z,0.0
2026-03-10T03:19:59.666563Z,0.0
2026-03-10T03:20:59.650917Z,0.0
2026-03-10T03:21:59.657630Z,0.0
2026-03-10T03:22:59.650660Z,0.0
2026-03-10T03:23:59.646534Z,0.0
2026-03-10T03:24:59.663012Z,0.0
2026-03-10T03:25:59.654665Z,0.0
2026-03-10T03:26:59.667929Z,0.0
2026-03-10T03:27:59.665703Z,0.0
2026-03-10T03:28:59.656448Z,0.0
2026-03-10T03:29:59.656359Z,0.0
2026-03-10T03:30:59.665369Z,0.0
2026-03-10T03:31:59.673903Z,0.0
2026-03-10T03:32:59.662079Z,0.0
2026-03-10T03:33:59.663569Z,0.0
2026-03-10T03:34:59.670133Z,0.0
2026-03-10T03:35:59.661168Z,0.0
2026-03-10T03:36:59.681261Z,0.0
2026-03-10T03:37:59.668679Z,0.0
2026-03-10T03:38:59.672855Z,0.0
2026-03-10T03:39:59.651177Z,0.0
2026-03-10T03:40:59.662118Z,0.0
2026-03-10T03:41:59.661479Z,0.0
2026-03-10T03:42:59.668308Z,0.0
2026-03-10T03:43:59.655226Z,0.0
2026-03-10T03:44:59.668466Z,0.0
2026-03-10T03:45:59.679932Z,0.0
2026-03-10T03:46:59.667664Z,0.0
2026-03-10T03:47:59.679668Z,0.0
2026-03-10T03:48:59.655950Z,0.0
2026-03-10T03:49:59.672330Z,0.0
2026-03-10T03:50:59.670937Z,0.0
2026-03-10T03:51:59.682080Z,0.0
2026-03-10T03:52:59.664821Z,0.0
2026-03-10T03:53:59.667915Z,0.0
2026-03-10T03:54:59.676975Z,0.0
2026-03-10T03:55:59.656894Z,0.0
2026-03-10T03:56:59.669932Z,0.0
2026-03-10T03:57:59.670666Z,0.0
2026-03-10T03:58:59.665729Z,0.0
2026-03-10T03:59:59.672914Z,0.0
2026-03-10T04:00:59.675016Z,0.0
2026-03-10T04:01:59.671246Z,0.0
2026-03-10T04:02:59.660491Z,0.0
2026-03-10T04:03:59.674902Z,0.0
2026-03-10T04:04:59.660518Z,0.0
2026-03-10T04:05:59.694069Z,0.0
2026-03-10T04:06:59.683191Z,0.0
2026-03-10T04:07:59.695718Z,0.0
2026-03-10T04:08:59.685328Z,0.0
2026-03-10T04:09:59.654478Z,0.0
2026-03-10T04:10:59.708023Z,0.0
2026-03-10T04:11:59.682654Z,0.0
2026-03-10T04:12:59.693663Z,0.0
2026-03-10T04:13:59.694857Z,0.0
2026-03-10T04:14:59.702770Z,0.0
2026-03-10T04:15:59.706723Z,0.0
2026-03-10T04:16:59.695742Z,0.0
2026-03-10T04:17:59.704528Z,0.0
2026-03-10T04:18:59.702660Z,0.0
2026-03-10T04:19:59.709982Z,0.0
2026-03-10T04:20:59.705256Z,0.0
2026-03-10T04:21:59.696540Z,0.0
2026-03-10T04:22:59.679963Z,0.0
2026-03-10T04:23:59.698790Z,0.0
2026-03-10T04:24:59.686244Z,0.0
2026-03-10T04:25:59.693480Z,0.0
2026-03-10T04:26:59.704548Z,0.0
2026-03-10T04:27:59.685762Z,0.0
2026-03-10T04:28:59.705125Z,0.0
2026-03-10T04:29:59.704393Z,0.0
2026-03-10T04:30:59.712449Z,0.0
2026-03-10T04:31:59.717451Z,0.0
2026-03-10T04:32:59.697076Z,0.0
2026-03-10T04:33:59.704652Z,0.0
2026-03-10T04:34:59.706245Z,0.0
2026-03-10T04:35:59.709091Z,0.0
2026-03-10T04:36:59.689089Z,0.0
2026-03-10T04:37:59.684268Z,0.0
2026-03-10T04:38:59.699180Z,0.0
2026-03-10T04:39:59.688017Z,0.0
2026-03-10T04:40:59.709290Z,0.0
2026-03-10T04:41:59.724616Z,0.0
2026-03-10T04:42:59.706490Z,0.0
2026-03-10T04:43:59.702946Z,0.0
2026-03-10T04:44:59.721230Z,0.0
2026-03-10T04:45:59.710710Z,0.0
2026-03-10T04:46:59.696361Z,0.0
2026-03-10T04:47:59.722729Z,0.0
2026-03-10T04:48:59.713866Z,0.0
2026-03-10T04:49:59.702112Z,0.0
2026-03-10T04:50:59.717283Z,0.0
2026-03-10T04:51:59.714955Z,0.0
2026-03-10T04:52:59.709842Z,0.0
2026-03-10T04:53:59.732127Z,0.0
2026-03-10T04:54:59.719792Z,0.0
2026-03-10T04:55:59.694988Z,0.0
2026-03-10T04:56:59.728689Z,0.0
2026-03-10T04:57:59.709932Z,0.0
2026-03-10T04:58:59.733823Z,0.0
2026-03-10T04:59:59.715224Z,0.0
2026-03-10T05:00:59.706458Z,0.0
2026-03-10T05:01:59.723679Z,0.0
2026-03-10T05:02:59.742488Z,0.0
2026-03-10T05:03:59.729973Z,0.0
2026-03-10T05:04:59.728940Z,0.0
2026-03-10T05:05:59.719690Z,0.0
2026-03-10T05:06:59.737341Z,0.0
2026-03-10T05:07:59.745852Z,0.0
2026-03-10T05:08:59.691613Z,0.0
2026-03-10T05:09:59.746438Z,0.0
2026-03-10T05:10:59.733113Z,0.0
2026-03-10T05:11:59.745241Z,0.0
2026-03-10T05:12:59.730916Z,0.0
2026-03-10T05:13:59.742180Z,0.0
2026-03-10T05:14:59.733858Z,0.0
2026-03-10T05:15:59.732855Z,0.0
2026-03-10T05:16:59.733326Z,0.0
2026-03-10T05:17:59.737428Z,0.0
2026-03-10T05:18:59.721319Z,0.0
2026-03-10T05:19:59.738651Z,0.0
2026-03-10T05:20:59.748465Z,0.0
2026-03-10T05:21:59.732610Z,0.0
2026-03-10T05:22:59.740354Z,0.0
2026-03-10T05:23:59.743605Z,0.0
2026-03-10T05:24:59.721312Z,0.0
2026-03-10T05:25:59.738102Z,0.0
2026-03-10T05:26:59.721584Z,0.0
2026-03-10T05:27:59.740030Z,0.0
2026-03-10T05:28:59.738071Z,0.0
2026-03-10T05:29:59.738661Z,0.0
2026-03-10T05:30:59.736179Z,0.0
2026-03-10T05:31:59.742047Z,0.0
2026-03-10T05:32:59.693097Z,0.0
2026-03-10T05:33:59.739257Z,0.0
2026-03-10T05:34:59.695017Z,0.0
2026-03-10T05:35:59.751018Z,0.0
2026-03-10T05:36:59.692973Z,0.0
2026-03-10T05:37:59.739994Z,0.0
2026-03-10T05:38:59.701566Z,0.0
2026-03-10T05:39:59.749827Z,0.0
2026-03-10T05:40:59.722594Z,0.0
2026-03-10T05:41:59.761250Z,0.0
2026-03-10T05:42:59.728395Z,0.0
2026-03-10T05:43:59.793991Z,0.0
2026-03-10T05:44:59.728878Z,0.0
2026-03-10T05:45:59.810514Z,0.0
2026-03-10T05:46:59.731427Z,0.0
2026-03-10T05:47:59.793182Z,0.0
2026-03-10T05:48:59.729340Z,0.0
2026-03-10T05:49:59.783231Z,0.0
2026-03-10T05:50:59.728457Z,0.0
2026-03-10T05:51:59.779419Z,0.0
2026-03-10T05:52:59.822773Z,0.0
2026-03-10T05:53:59.789174Z,0.0
2026-03-10T05:54:59.803257Z,0.0
2026-03-10T05:55:59.775101Z,0.0
2026-03-10T05:56:59.781275Z,0.0
2026-03-10T05:57:59.787865Z,0.0
2026-03-10T05:58:59.787155Z,0.0
2026-03-10T05:59:59.783499Z,0.0
2026-03-10T06:00:59.796921Z,0.0
2026-03-10T06:01:59.789532Z,0.0
2026-03-10T06:02:59.786148Z,0.0
2026-03-10T06:03:59.769205Z,0.0
2026-03-10T06:04:59.799793Z,0.0
2026-03-10T06:05:59.779581Z,0.0
2026-03-10T06:06:59.788623Z,0.0
2026-03-10T06:07:59.793048Z,0.0
2026-03-10T06:08:59.767030Z,0.0
2026-03-10T06:09:59.801875Z,0.0
2026-03-10T06:10:59.778790Z,0.0
2026-03-10T06:11:59.792809Z,0.0
2026-03-10T06:12:59.779543Z,0.0
2026-03-10T06:13:59.792409Z,0.0
2026-03-10T06:14:59.786029Z,0.0
2026-03-10T06:15:59.793444Z,0.0
2026-03-10T06:16:59.789754Z,0.0
2026-03-10T06:17:59.778672Z,0.0
2026-03-10T06:18:59.771884Z,0.0
2026-03-10T06:19:59.781412Z,0.0
2026-03-10T06:20:59.790626Z,0.0
2026-03-10T06:21:59.789747Z,0.0
2026-03-10T06:22:59.793890Z,0.0
2026-03-10T06:23:59.804853Z,0.0
2026-03-10T06:24:59.803659Z,0.0
2026-03-10T06:25:59.770653Z,0.0
2026-03-10T06:26:59.795206Z,0.0
2026-03-10T06:27:59.804796Z,0.0
2026-03-10T06:28:59.789326Z,0.0
2026-03-10T06:29:59.796050Z,0.0
2026-03-10T06:30:59.803569Z,0.0
2026-03-10T06:31:59.816652Z,0.0
2026-03-10T06:32:59.802574Z,0.0
2026-03-10T06:33:59.808202Z,0.0
2026-03-10T06:34:59.820322Z,0.0
2026-03-10T06:35:59.812927Z,0.0
2026-03-10T06:36:59.804722Z,0.0
2026-03-10T06:37:59.793162Z,0.0
2026-03-10T06:38:59.809081Z,0.0
2026-03-10T06:39:59.769937Z,0.0
2026-03-10T06:40:59.811029Z,0.0
2026-03-10T06:41:59.816421Z,0.0
2026-03-10T06:42:59.819089Z,0.0
2026-03-10T06:43:59.814961Z,0.0
2026-03-10T06:44:59.818602Z,0.0
2026-03-10T06:45:59.807980Z,0.0
2026-03-10T06:46:59.810090Z,0.0
2026-03-10T06:47:59.808001Z,0.0
2026-03-10T06:48:59.816458Z,0.0
2026-03-10T06:49:59.811021Z,0.0
2026-03-10T06:50:59.828796Z,0.0
2026-03-10T06:51:59.794984Z,0.0
2026-03-10T06:52:59.798238Z,0.0
2026-03-10T06:53:59.815720Z,0.0
2026-03-10T06:54:59.831986Z,0.0
2026-03-10T06:55:59.803003Z,0.0
2026-03-10T06:56:59.805773Z,0.0
2026-03-10T06:57:59.823209Z,0.0
2026-03-10T06:58:59.815646Z,0.0
2026-03-10T06:59:59.800598Z,0.0
2026-03-10T07:00:59.806902Z,0.0
2026-03-10T07:01:59.802219Z,0.0
2026-03-10T07:02:59.813597Z,0.0
2026-03-10T07:03:59.803071Z,0.0
2026-03-10T07:04:59.815231Z,0.0
2026-03-10T07:05:59.818896Z,0.0
2026-03-10T07:06:59.806334Z,0.0
2026-03-10T07:07:59.810462Z,0.0
2026-03-10T07:08:59.820025Z,0.0
2026-03-10T07:09:59.794247Z,0.0
2026-03-10T07:10:59.828668Z,0.0
2026-03-10T07:11:59.816149Z,0.0
2026-03-10T07:12:59.812094Z,0.0
2026-03-10T07:13:59.817236Z,0.0
2026-03-10T07:14:59.832115Z,0.0
2026-03-10T07:15:59.836430Z,0.0
2026-03-10T07:16:59.828351Z,0.0
2026-03-10T07:17:59.827802Z,0.0
2026-03-10T07:18:59.820145Z,0.0
2026-03-10T07:19:59.842225Z,0.0
2026-03-10T07:20:59.825143Z,0.0
2026-03-10T07:21:59.847916Z,0.0
2026-03-10T07:22:59.845689Z,0.0
2026-03-10T07:23:59.845705Z,0.0
2026-03-10T07:24:59.828288Z,0.0
2026-03-10T07:25:59.825023Z,0.0
2026-03-10T07:26:59.815455Z,0.0
2026-03-10T07:27:59.826795Z,0.0
2026-03-10T07:28:59.833654Z,0.0
2026-03-10T07:29:59.840158Z,0.0
2026-03-10T07:30:59.840813Z,0.0
2026-03-10T07:31:59.829329Z,0.0
2026-03-10T07:32:59.848663Z,0.0
2026-03-10T07:33:59.839000Z,0.0
2026-03-10T07:34:59.826553Z,0.0
2026-03-10T07:35:59.848211Z,0.0
2026-03-10T07:36:59.833522Z,0.0
2026-03-10T07:37:59.844376Z,0.0
2026-03-10T07:38:59.837379Z,0.0
2026-03-10T07:39:59.822912Z,0.0
2026-03-10T07:40:59.836592Z,0.0
2026-03-10T07:41:59.830686Z,0.0
2026-03-10T07:42:59.844736Z,0.0
2026-03-10T07:43:59.828569Z,0.0
2026-03-10T07:44:59.844821Z,0.0
2026-03-10T07:45:59.836799Z,0.0
2026-03-10T07:46:59.840998Z,0.0
2026-03-10T07:47:59.827667Z,0.0
2026-03-10T07:48:59.836392Z,0.0
2026-03-10T07:49:59.841067Z,0.0
2026-03-10T07:50:59.847123Z,0.0
2026-03-10T07:51:59.854988Z,0.0
2026-03-10T07:52:59.789748Z,0.0
2026-03-10T07:53:59.834458Z,0.0
2026-03-10T07:54:59.833571Z,0.0
2026-03-10T07:55:59.836964Z,0.0
2026-03-10T07:56:59.839931Z,0.0
2026-03-10T07:57:59.842123Z,0.0
2026-03-10T07:58:59.851618Z,0.0
2026-03-10T07:59:59.843762Z,0.0
2026-03-10T08:00:59.831013Z,0.0
2026-03-10T08:01:59.858942Z,0.0
2026-03-10T08:02:59.847136Z,0.0
2026-03-10T08:03:59.849412Z,0.0
2026-03-10T08:04:59.850843Z,0.0
2026-03-10T08:05:59.843320Z,0.0
2026-03-10T08:06:59.833308Z,0.0
2026-03-10T08:07:59.849032Z,0.0
2026-03-10T08:08:59.858956Z,0.0
2026-03-10T08:09:59.841529Z,0.0
2026-03-10T08:10:59.860883Z,0.0
2026-03-10T08:11:59.851087Z,0.0
2026-03-10T08:12:59.858844Z,0.0
2026-03-10T08:13:59.869484Z,0.0
2026-03-10T08:14:59.860508Z,0.0
2026-03-10T08:15:59.876965Z,0.0
2026-03-10T08:16:59.853945Z,0.0
2026-03-10T08:17:59.849909Z,0.0
2026-03-10T08:18:59.861255Z,0.0
2026-03-10T08:19:59.854756Z,0.0
2026-03-10T08:20:59.859772Z,0.0
2026-03-10T08:21:59.867406Z,0.0
2026-03-10T08:22:59.849289Z,0.0
2026-03-10T08:23:59.861708Z,0.0
2026-03-10T08:24:59.861977Z,0.0
2026-03-10T08:25:59.849892Z,0.0
2026-03-10T08:26:59.864509Z,0.0
2026-03-10T08:27:59.869526Z,0.0
2026-03-10T08:28:59.859301Z,0.0
2026-03-10T08:29:59.848232Z,0.0
2026-03-10T08:30:59.871681Z,0.0
2026-03-10T08:31:59.863048Z,0.0
2026-03-10T08:32:59.862911Z,0.0
2026-03-10T08:33:59.854386Z,0.0
2026-03-10T08:34:59.857832Z,0.0
2026-03-10T08:35:59.857670Z,0.0
2026-03-10T08:36:59.851586Z,0.0
2026-03-10T08:37:59.871669Z,0.0
2026-03-10T08:38:59.856738Z,0.0
2026-03-10T08:39:59.870000Z,0.0
2026-03-10T08:40:59.853345Z,0.0
2026-03-10T08:41:59.865529Z,0.0
2026-03-10T08:42:59.858522Z,0.0
2026-03-10T08:43:59.823544Z,0.0
2026-03-10T08:44:59.869983Z,0.0
2026-03-10T08:45:59.858118Z,0.0
2026-03-10T08:46:59.888647Z,0.0
2026-03-10T08:47:59.869067Z,0.0
2026-03-10T08:48:59.879032Z,0.0
2026-03-10T08:49:59.858005Z,0.0
2026-03-10T08:50:59.879904Z,0.0
2026-03-10T08:51:59.867478Z,0.0
2026-03-10T08:52:59.879508Z,0.0
2026-03-10T08:53:59.886204Z,0.0
2026-03-10T08:54:59.873391Z,0.0
2026-03-10T08:55:59.855637Z,0.0
2026-03-10T08:56:59.877929Z,0.0
2026-03-10T08:57:59.882014Z,0.0
2026-03-10T08:58:59.883167Z,0.0
2026-03-10T08:59:59.883793Z,0.0
2026-03-10T09:00:59.884333Z,0.0
2026-03-10T09:01:59.885102Z,0.0
2026-03-10T09:02:59.874329Z,0.0
2026-03-10T09:03:59.895557Z,0.0
2026-03-10T09:04:59.885386Z,0.0
2026-03-10T09:05:59.887154Z,0.0
2026-03-10T09:06:59.887126Z,0.0
2026-03-10T09:07:59.825872Z,0.0
2026-03-10T09:08:59.889070Z,0.0
2026-03-10T09:09:59.883465Z,0.0
2026-03-10T09:10:59.906313Z,0.0
2026-03-10T09:11:59.888047Z,0.0
2026-03-10T09:12:59.895619Z,0.0
2026-03-10T09:13:59.883839Z,0.0
2026-03-10T09:14:59.876834Z,0.0
2026-03-10T09:15:59.895205Z,0.0
2026-03-10T09:16:59.898058Z,0.0
2026-03-10T09:17:59.897747Z,0.0
2026-03-10T09:18:59.885263Z,0.0
2026-03-10T09:19:59.875056Z,0.0
2026-03-10T09:20:59.896130Z,0.0
2026-03-10T09:21:59.906758Z,0.0
2026-03-10T09:22:59.907941Z,0.0
2026-03-10T09:23:59.899976Z,0.0
2026-03-10T09:24:59.893990Z,0.0
2026-03-10T09:25:59.892035Z,0.0
2026-03-10T09:26:59.883351Z,0.0
2026-03-10T09:27:59.903123Z,0.0
2026-03-10T09:28:59.907899Z,0.0
2026-03-10T09:29:59.912231Z,0.0
2026-03-10T09:30:59.896162Z,0.0
2026-03-10T09:31:59.912001Z,0.0
2026-03-10T09:32:59.895148Z,0.0
2026-03-10T09:33:59.912820Z,0.0
2026-03-10T09:34:59.922503Z,0.0
2026-03-10T09:35:59.890139Z,0.0
2026-03-10T09:36:59.912936Z,0.0
2026-03-10T09:37:59.900653Z,0.0
2026-03-10T09:38:59.912570Z,0.0
2026-03-10T09:39:59.910837Z,0.0
2026-03-10T09:40:59.899541Z,0.0
2026-03-10T09:41:59.944201Z,0.0
2026-03-10T09:42:59.897462Z,0.0
2026-03-10T09:43:59.918132Z,0.0
2026-03-10T09:44:59.931164Z,0.0
2026-03-10T09:45:59.904701Z,0.0
2026-03-10T09:46:59.919127Z,0.0
2026-03-10T09:47:59.926344Z,0.0
2026-03-10T09:48:59.907963Z,0.0
2026-03-10T09:49:59.923973Z,0.0
2026-03-10T09:50:59.913790Z,0.0
2026-03-10T09:51:59.895683Z,0.0
2026-03-10T09:52:59.923215Z,0.0
2026-03-10T09:53:59.912309Z,0.0
2026-03-10T09:54:59.907963Z,0.0
2026-03-10T09:55:59.947988Z,0.0
2026-03-10T09:56:59.911541Z,0.0
2026-03-10T09:57:59.928674Z,0.0
2026-03-10T09:58:59.931169Z,0.0
2026-03-10T09:59:59.930637Z,0.0
2026-03-10T10:00:59.928415Z,0.0
2026-03-10T10:01:59.920134Z,0.0
2026-03-10T10:02:59.914864Z,0.0
2026-03-10T10:03:59.924468Z,0.0
2026-03-10T10:04:59.917382Z,0.0
2026-03-10T10:05:59.930119Z,0.0
2026-03-10T10:06:59.933917Z,0.0
2026-03-10T10:07:59.919002Z,0.0
2026-03-10T10:08:59.939663Z,0.0
2026-03-10T10:09:59.932517Z,0.0
2026-03-10T10:10:59.933246Z,0.0
2026-03-10T10:11:59.928958Z,0.0
2026-03-10T10:12:59.908918Z,0.0
2026-03-10T10:13:59.926092Z,0.0
2026-03-10T10:14:59.937770Z,0.0
2026-03-10T10:15:59.937221Z,0.0
2026-03-10T10:16:59.928368Z,0.0
2026-03-10T10:17:59.933368Z,0.0
2026-03-10T10:18:59.959567Z,0.0
2026-03-10T10:19:59.942499Z,0.0
2026-03-10T10:20:59.952516Z,0.0
2026-03-10T10:21:59.947251Z,0.0
2026-03-10T10:22:59.945473Z,0.0
2026-03-10T10:23:59.954626Z,0.0
2026-03-10T10:24:59.936956Z,0.0
2026-03-10T10:25:59.949475Z,0.0
2026-03-10T10:26:59.937139Z,0.0
2026-03-10T10:27:59.954129Z,0.0
2026-03-10T10:28:59.946792Z,0.0
2026-03-10T10:29:59.955103Z,0.0
2026-03-10T10:30:59.935202Z,0.0
2026-03-10T10:31:59.950057Z,0.0
2026-03-10T10:32:59.955329Z,0.0
2026-03-10T10:33:59.931711Z,0.0
2026-03-10T10:34:59.959445Z,0.0
2026-03-10T10:35:59.939636Z,0.0
2026-03-10T10:36:59.958688Z,0.0
2026-03-10T10:37:59.951673Z,0.0
2026-03-10T10:38:59.948503Z,0.0
2026-03-10T10:39:59.948140Z,0.0
2026-03-10T10:40:59.957778Z,0.0
2026-03-10T10:41:59.959475Z,0.0
2026-03-10T10:42:59.955394Z,0.0
2026-03-10T10:43:59.947862Z,0.0
2026-03-10T10:44:59.962727Z,0.0
2026-03-10T10:45:59.956878Z,0.0
2026-03-10T10:46:59.935837Z,0.0
2026-03-10T10:47:59.963953Z,0.0
2026-03-10T10:48:59.939022Z,0.0
2026-03-10T10:49:59.948372Z,0.0
2026-03-10T10:50:59.941279Z,0.0
2026-03-10T10:51:59.957910Z,0.0
2026-03-10T10:52:59.949352Z,0.0
2026-03-10T10:53:59.954461Z,0.0
2026-03-10T10:54:59.946053Z,0.0
2026-03-10T10:55:59.939454Z,0.0
2026-03-10T10:56:59.965572Z,0.0
2026-03-10T10:57:59.970395Z,0.0
2026-03-10T10:58:59.956984Z,0.0
2026-03-10T10:59:59.956697Z,0.0
2026-03-10T11:00:59.959814Z,0.0
2026-03-10T11:01:59.975603Z,0.0
2026-03-10T11:02:59.965948Z,0.0
2026-03-10T11:03:59.957324Z,0.0
2026-03-10T11:04:59.962557Z,0.0
2026-03-10T11:05:59.915555Z,0.0
2026-03-10T11:06:59.950964Z,0.0
2026-03-10T11:07:59.939841Z,0.0
2026-03-10T11:08:59.959692Z,0.0
2026-03-10T11:09:59.914865Z,0.0
2026-03-10T11:10:59.976079Z,0.0
2026-03-10T11:11:59.923963Z,0.0
2026-03-10T11:12:59.957846Z,0.0
2026-03-10T11:13:59.935240Z,0.0
2026-03-10T11:14:59.966413Z,0.0
2026-03-10T11:15:59.924287Z,0.0
2026-03-10T11:16:59.951375Z,0.0
2026-03-10T11:17:59.931131Z,0.0
2026-03-10T11:18:59.985948Z,0.0
2026-03-10T11:19:59.936490Z,0.0
2026-03-10T11:20:59.981361Z,0.0
2026-03-10T11:21:59.923335Z,0.0
2026-03-10T11:22:59.988276Z,0.0
2026-03-10T11:23:59.992306Z,0.0
2026-03-10T11:24:59.981511Z,0.0
2026-03-10T11:25:59.998168Z,0.0
2026-03-10T11:26:59.984333Z,0.0
2026-03-10T11:27:59.990159Z,0.0
2026-03-10T11:28:59.988139Z,0.0
2026-03-10T11:29:59.990987Z,0.0
2026-03-10T11:30:59.987500Z,0.0
2026-03-10T11:31:59.974808Z,0.0
2026-03-10T11:32:59.971440Z,0.0
2026-03-10T11:33:59.981189Z,0.0
2026-03-10T11:34:59.984830Z,0.0
2026-03-10T11:35:59.976390Z,0.0
2026-03-10T11:36:59.984880Z,0.0
2026-03-10T11:37:59.993822Z,0.0
2026-03-10T11:38:59.977902Z,0.0
2026-03-10T11:39:59.967830Z,0.0
2026-03-10T11:40:59.983900Z,0.0
2026-03-10T11:41:59.974887Z,0.0
2026-03-10T11:42:59.983812Z,0.0
2026-03-10T11:43:59.986186Z,0.0
2026-03-10T11:44:59.998070Z,0.0
2026-03-10T11:45:59.995028Z,0.0
2026-03-10T11:46:59.981440Z,0.0
2026-03-10T11:47:59.996706Z,0.0
2026-03-10T11:48:59.988924Z,0.0
2026-03-10T11:49:59.994907Z,0.0
2026-03-10T11:50:59.985279Z,0.0
2026-03-10T11:51:59.972806Z,0.0
2026-03-10T11:53:00.008625Z,0.0
2026-03-10T11:53:59.995612Z,0.0
2026-03-10T11:54:59.993722Z,0.0
2026-03-10T11:55:59.998427Z,0.0
2026-03-10T11:57:00.011675Z,0.0
2026-03-10T11:58:00.000108Z,0.0
2026-03-10T11:58:59.991593Z,0.0
2026-03-10T12:00:00.011300Z,0.0
2026-03-10T12:01:00.011796Z,0.0
2026-03-10T12:02:00.003268Z,0.0
2026-03-10T12:03:00.007042Z,0.0
2026-03-10T12:03:59.990914Z,0.0
2026-03-10T12:05:00.011358Z,0.0
2026-03-10T12:06:00.013564Z,0.0
2026-03-10T12:06:59.992854Z,0.0
2026-03-10T12:08:00.027154Z,0.0
2026-03-10T12:09:00.017196Z,0.0
2026-03-10T12:10:00.034557Z,0.0
2026-03-10T12:11:00.017886Z,0.0
2026-03-10T12:12:00.012718Z,0.0
2026-03-10T12:13:00.022248Z,0.0
2026-03-10T12:13:59.999371Z,0.0
2026-03-10T12:15:00.027367Z,0.0
2026-03-10T12:16:00.016336Z,0.0
2026-03-10T12:17:00.020620Z,0.0
2026-03-10T12:18:00.021560Z,0.0
2026-03-10T12:19:00.000601Z,0.0
2026-03-10T12:20:00.020098Z,0.0
2026-03-10T12:21:00.007997Z,0.0
2026-03-10T12:22:00.024812Z,0.0
2026-03-10T12:23:00.015038Z,0.0
2026-03-10T12:24:00.030586Z,0.0
2026-03-10T12:25:00.011416Z,0.0
2026-03-10T12:26:00.012364Z,0.0
2026-03-10T12:27:00.003471Z,0.0
2026-03-10T12:28:00.022165Z,0.0
2026-03-10T12:29:00.035849Z,0.0
2026-03-10T12:30:00.027042Z,0.0
2026-03-10T12:31:00.029583Z,0.0
2026-03-10T12:32:00.021908Z,0.0
2026-03-10T12:33:00.006759Z,0.0
2026-03-10T12:34:00.035093Z,0.0
2026-03-10T12:35:00.023901Z,0.0
2026-03-10T12:36:00.004175Z,0.0
2026-03-10T12:37:00.031977Z,0.0
2026-03-10T12:38:00.019874Z,0.0
2026-03-10T12:39:00.014589Z,0.0
2026-03-10T12:40:00.031075Z,0.0
2026-03-10T12:41:00.023259Z,0.0
2026-03-10T12:42:00.016464Z,0.0
2026-03-10T12:43:00.033259Z,0.0
2026-03-10T12:44:00.034011Z,0.0
2026-03-10T12:45:00.029379Z,0.0
2026-03-10T12:46:00.038743Z,0.0
2026-03-10T12:47:00.045652Z,0.0
2026-03-10T12:48:00.035231Z,0.0
2026-03-10T12:48:59.980569Z,0.0
2026-03-10T12:50:00.027328Z,0.0
2026-03-10T12:51:00.062074Z,0.0
2026-03-10T12:52:00.038932Z,0.0
2026-03-10T12:53:00.039387Z,0.0
2026-03-10T12:54:00.045386Z,0.0
2026-03-10T12:55:00.042434Z,0.0
2026-03-10T12:56:00.052031Z,0.0
2026-03-10T12:57:00.042816Z,0.0
2026-03-10T12:58:00.060000Z,0.0
2026-03-10T12:59:00.062989Z,0.0
2026-03-10T13:00:00.059302Z,0.0
2026-03-10T13:01:00.055246Z,0.0
2026-03-10T13:02:00.046830Z,0.0
2026-03-10T13:03:00.048124Z,0.0
2026-03-10T13:04:00.063229Z,0.0
2026-03-10T13:05:00.039165Z,0.0
2026-03-10T13:06:00.056035Z,0.0
2026-03-10T13:07:00.038782Z,0.0
2026-03-10T13:08:00.063925Z,0.0
2026-03-10T13:09:00.052665Z,0.0
2026-03-10T13:10:00.060859Z,0.0
2026-03-10T13:11:00.043600Z,0.0
2026-03-10T13:12:00.036315Z,0.0
2026-03-10T13:13:00.059328Z,0.0
2026-03-10T13:14:00.069991Z,0.0
2026-03-10T13:15:00.068222Z,0.0
2026-03-10T13:16:00.096705Z,0.0
2026-03-10T13:17:00.064621Z,0.0
2026-03-10T13:18:00.068447Z,0.0
2026-03-10T13:19:00.038834Z,0.0
2026-03-10T13:20:00.062680Z,0.0
2026-03-10T13:21:00.069615Z,0.0
2026-03-10T13:22:00.056428Z,0.0
2026-03-10T13:23:00.051005Z,0.0
2026-03-10T13:24:00.066814Z,0.0
2026-03-10T13:25:00.075256Z,0.0
2026-03-10T13:26:00.057290Z,0.0
2026-03-10T13:27:00.064682Z,0.0
2026-03-10T13:28:00.076243Z,0.0
2026-03-10T13:29:00.077138Z,0.0
2026-03-10T13:30:00.083651Z,0.0
2026-03-10T13:31:00.075318Z,0.0
2026-03-10T13:32:00.098399Z,0.0
2026-03-10T13:33:00.084282Z,0.0
2026-03-10T13:34:00.084107Z,0.0
2026-03-10T13:35:00.067510Z,0.0
2026-03-10T13:36:00.061782Z,0.0
2026-03-10T13:37:00.083840Z,0.0
2026-03-10T13:38:00.080561Z,0.0
2026-03-10T13:39:00.088292Z,0.0
2026-03-10T13:40:00.075932Z,0.0
2026-03-10T13:41:00.057325Z,0.0
2026-03-10T13:42:00.079263Z,0.0
2026-03-10T13:43:00.081844Z,0.0
2026-03-10T13:44:00.072986Z,0.0
2026-03-10T13:45:00.091343Z,0.0
2026-03-10T13:46:00.073010Z,0.0
2026-03-10T13:47:00.092730Z,0.0
2026-03-10T13:48:00.078608Z,0.0
2026-03-10T13:49:00.078799Z,0.0
2026-03-10T13:50:00.101882Z,0.0
2026-03-10T13:51:00.090987Z,0.0
2026-03-10T13:52:00.104916Z,0.0
2026-03-10T13:53:00.104941Z,0.0
2026-03-10T13:54:00.088247Z,0.0
2026-03-10T13:55:00.076471Z,0.0
2026-03-10T13:56:00.112944Z,0.0
2026-03-10T13:57:00.082866Z,0.0
2026-03-10T13:58:00.092583Z,0.0
2026-03-10T13:59:00.100244Z,0.0
2026-03-10T14:00:00.092156Z,0.0
2026-03-10T14:01:00.120883Z,0.0
2026-03-10T14:02:00.131498Z,0.0
2026-03-10T14:03:00.108830Z,0.0
2026-03-10T14:04:00.098119Z,0.0
2026-03-10T14:05:00.101445Z,0.0
2026-03-10T14:06:00.092990Z,0.0
2026-03-10T14:07:00.104648Z,0.0
2026-03-10T14:08:00.119912Z,0.0
2026-03-10T14:09:00.096146Z,0.0
2026-03-10T14:10:00.147910Z,0.0
2026-03-10T14:11:00.099217Z,0.0
2026-03-10T14:12:00.105488Z,0.0
2026-03-10T14:13:00.100675Z,0.0
2026-03-10T14:14:00.105318Z,0.0
2026-03-10T14:15:00.099499Z,0.0
2026-03-10T14:16:00.092521Z,0.0
2026-03-10T14:17:00.110578Z,0.0
2026-03-10T14:18:00.098174Z,0.0
2026-03-10T14:19:00.107333Z,0.0
2026-03-10T14:20:00.127370Z,0.0
2026-03-10T14:21:00.116133Z,0.0
2026-03-10T14:22:00.101362Z,0.0
2026-03-10T14:23:00.105009Z,0.0
2026-03-10T14:24:00.119757Z,0.0
2026-03-10T14:25:00.098878Z,0.0
2026-03-10T14:26:00.121163Z,0.0
2026-03-10T14:27:00.190737Z,0.0
2026-03-10T14:28:00.084171Z,0.0
2026-03-10T14:29:00.121809Z,0.0
2026-03-10T14:30:00.110845Z,0.0
2026-03-10T14:31:00.123306Z,0.0
2026-03-10T14:32:00.106116Z,0.0
2026-03-10T14:33:00.103415Z,0.0
2026-03-10T14:34:00.126827Z,0.0
2026-03-10T14:35:00.130857Z,0.0
2026-03-10T14:36:00.176150Z,0.0
2026-03-10T14:37:00.130000Z,0.0
2026-03-10T14:38:00.110533Z,0.0
2026-03-10T14:39:00.136303Z,0.0
2026-03-10T14:40:00.135554Z,0.0
2026-03-10T14:41:00.144234Z,0.0
2026-03-10T14:42:00.131742Z,0.0
2026-03-10T14:43:00.130313Z,0.0
2026-03-10T14:44:00.115701Z,0.0
2026-03-10T14:45:00.126610Z,0.0
2026-03-10T14:46:00.155108Z,0.0
2026-03-10T14:47:00.121626Z,0.0
2026-03-10T14:48:00.111551Z,0.0
2026-03-10T14:49:00.144767Z,0.0
2026-03-10T14:50:00.127693Z,0.0
2026-03-10T14:51:00.118810Z,0.0
2026-03-10T14:52:00.149091Z,0.0
2026-03-10T14:53:00.142864Z,0.0
2026-03-10T14:54:00.143133Z,0.0
2026-03-10T14:55:00.109683Z,0.0
2026-03-10T14:56:00.129670Z,0.0
2026-03-10T14:57:00.123467Z,0.0
2026-03-10T14:58:00.167798Z,0.0
2026-03-10T14:59:00.143303Z,0.0
2026-03-10T15:00:00.151383Z,0.0
2026-03-10T15:01:00.139054Z,0.0
2026-03-10T15:02:00.208938Z,0.0
2026-03-10T15:03:00.146382Z,0.0
2026-03-10T15:04:00.140699Z,0.0
2026-03-10T15:05:00.171118Z,0.0
2026-03-10T15:06:00.126787Z,0.0
2026-03-10T15:07:00.146030Z,0.0
2026-03-10T15:08:00.140102Z,0.0
2026-03-10T15:09:00.145760Z,0.0
2026-03-10T15:10:00.131571Z,0.0
2026-03-10T15:11:00.152760Z,0.0
2026-03-10T15:12:00.179528Z,0.0
2026-03-10T15:13:00.133814Z,0.0
2026-03-10T15:14:00.150335Z,0.0
2026-03-10T15:15:00.146855Z,0.0
2026-03-10T15:16:00.147008Z,0.0
2026-03-10T15:17:00.159181Z,0.0
2026-03-10T15:18:00.149644Z,0.0
2026-03-10T15:19:00.141903Z,0.0
2026-03-10T15:20:00.184995Z,0.0
2026-03-10T15:21:00.160281Z,0.0
2026-03-10T15:22:00.165674Z,0.0
2026-03-10T15:23:00.147557Z,0.0
2026-03-10T15:24:00.179400Z,0.0
2026-03-10T15:25:00.149441Z,0.0
2026-03-10T15:26:00.154063Z,0.0
2026-03-10T15:27:00.153690Z,0.0
2026-03-10T15:28:00.166535Z,0.0
2026-03-10T15:29:00.179044Z,0.0
2026-03-10T15:30:00.143813Z,0.0
2026-03-10T15:31:00.141449Z,0.0
2026-03-10T15:32:00.181349Z,0.0
2026-03-10T15:33:00.162219Z,0.0
2026-03-10T15:34:00.160279Z,0.0
2026-03-10T15:35:00.151240Z,0.0
2026-03-10T15:36:00.152763Z,0.0
2026-03-10T15:37:00.171189Z,0.0
2026-03-10T15:38:00.154620Z,0.0
2026-03-10T15:39:00.168070Z,0.0
2026-03-10T15:40:00.171031Z,0.0
2026-03-10T15:41:00.185846Z,0.0
2026-03-10T15:42:00.173351Z,0.0
2026-03-10T15:43:00.178161Z,0.0
2026-03-10T15:44:00.173973Z,0.0
2026-03-10T15:45:00.165656Z,0.0
2026-03-10T15:46:00.171394Z,0.0
2026-03-10T15:47:00.189015Z,0.0
2026-03-10T15:48:00.203383Z,0.0
2026-03-10T15:49:00.179437Z,0.0
2026-03-10T15:50:00.175957Z,0.0
2026-03-10T15:51:00.170226Z,0.0
2026-03-10T15:52:00.186913Z,0.0
2026-03-10T15:53:00.183042Z,0.0
2026-03-10T15:54:00.180523Z,0.0
2026-03-10T15:55:00.170860Z,0.0
2026-03-10T15:56:00.186991Z,0.0
2026-03-10T15:57:00.171570Z,0.0
2026-03-10T15:58:00.155504Z,0.0
2026-03-10T15:59:00.181415Z,0.0
2026-03-10T16:00:00.183197Z,0.0
2026-03-10T16:01:00.175502Z,0.0
2026-03-10T16:02:00.180448Z,0.0
2026-03-10T16:03:00.183193Z,0.0
2026-03-10T16:04:00.187406Z,0.0
2026-03-10T16:05:00.214901Z,0.0
2026-03-10T16:06:00.180617Z,0.0
2026-03-10T16:07:00.131334Z,0.0
2026-03-10T16:08:00.203000Z,0.0
2026-03-10T16:09:00.184211Z,0.0
2026-03-10T16:10:00.207036Z,0.0
2026-03-10T16:11:00.201112Z,0.0
2026-03-10T16:12:00.181891Z,0.0
2026-03-10T16:13:00.194707Z,0.0
2026-03-10T16:14:00.188790Z,0.0
2026-03-10T16:15:00.181531Z,0.0
2026-03-10T16:16:00.202345Z,0.0
2026-03-10T16:17:00.192855Z,0.0
2026-03-10T16:18:00.238154Z,0.0
2026-03-10T16:19:00.197304Z,0.0
2026-03-10T16:20:00.188743Z,0.0
2026-03-10T16:21:00.202079Z,0.0
2026-03-10T16:22:00.231351Z,0.0
2026-03-10T16:23:00.213381Z,0.0
2026-03-10T16:24:00.203854Z,0.0
2026-03-10T16:25:00.191221Z,0.0
2026-03-10T16:26:00.200780Z,0.0
2026-03-10T16:27:00.191961Z,0.0
2026-03-10T16:28:00.206495Z,0.0
2026-03-10T16:29:00.199428Z,0.0
2026-03-10T16:30:00.208869Z,0.0
2026-03-10T16:31:00.195431Z,0.0
2026-03-10T16:32:00.213579Z,0.0
2026-03-10T16:33:00.257375Z,0.0
2026-03-10T16:34:00.211409Z,0.0
2026-03-10T16:35:00.199166Z,0.0
2026-03-10T16:36:00.213519Z,0.0
2026-03-10T16:37:00.219463Z,0.0
2026-03-10T16:38:00.199285Z,0.0
2026-03-10T16:39:00.207511Z,0.0
2026-03-10T16:40:00.215229Z,0.0
2026-03-10T16:41:00.191800Z,0.0
2026-03-10T16:42:00.203561Z,0.0
2026-03-10T16:43:00.211223Z,0.0
2026-03-10T16:44:00.190734Z,0.0
2026-03-10T16:45:00.153008Z,0.0
2026-03-10T16:46:00.203715Z,0.0
2026-03-10T16:47:00.153334Z,0.0
2026-03-10T16:48:00.199426Z,0.0
2026-03-10T16:49:00.172029Z,0.0
2026-03-10T16:50:00.216402Z,0.0
2026-03-10T16:51:00.161315Z,0.0
2026-03-10T16:52:00.214359Z,0.0
2026-03-10T16:53:00.168284Z,0.0
2026-03-10T16:54:00.224686Z,0.0
2026-03-10T16:55:00.158849Z,0.0
2026-03-10T16:56:00.211825Z,0.0
2026-03-10T16:57:00.205188Z,0.0
2026-03-10T16:58:00.218689Z,0.0
2026-03-10T16:59:00.173414Z,0.0
2026-03-10T17:00:00.219175Z,0.0
2026-03-10T17:01:00.161870Z,0.0
2026-03-10T17:02:00.211766Z,0.0
2026-03-10T17:03:00.235610Z,0.0
2026-03-10T17:04:00.226621Z,0.0
2026-03-10T17:05:00.234220Z,0.0
2026-03-10T17:06:00.221328Z,0.0
2026-03-10T17:07:00.250361Z,0.0
2026-03-10T17:08:00.216850Z,0.0
2026-03-10T17:09:00.235062Z,0.0
2026-03-10T17:10:00.290547Z,0.0
2026-03-10T17:11:00.231562Z,0.0
2026-03-10T17:12:00.248260Z,0.0
2026-03-10T17:13:00.229091Z,0.0
2026-03-10T17:14:00.234069Z,0.0
2026-03-10T17:15:00.224973Z,0.0
2026-03-10T17:16:00.229035Z,0.0
2026-03-10T17:17:00.235553Z,0.0
2026-03-10T17:18:00.246711Z,0.0
2026-03-10T17:19:00.239984Z,0.0
2026-03-10T17:20:00.220813Z,0.0
2026-03-10T17:21:00.211041Z,0.0
2026-03-10T17:22:00.235836Z,0.0
2026-03-10T17:23:00.240727Z,0.0
2026-03-10T17:24:00.247681Z,0.0
2026-03-10T17:25:00.231310Z,0.0
2026-03-10T17:26:00.222386Z,0.0
2026-03-10T17:27:00.237010Z,0.0
2026-03-10T17:28:00.226024Z,0.0
2026-03-10T17:29:00.237365Z,0.0
2026-03-10T17:30:00.248518Z,0.0
2026-03-10T17:31:00.244166Z,0.0
2026-03-10T17:32:00.229677Z,0.0
2026-03-10T17:33:00.254037Z,0.0
2026-03-10T17:34:00.239222Z,0.0
2026-03-10T17:35:00.228960Z,0.0
2026-03-10T17:36:00.220349Z,0.0
2026-03-10T17:37:00.304671Z,0.0
2026-03-10T17:38:00.231531Z,0.0
2026-03-10T17:39:00.251445Z,0.0
2026-03-10T17:40:00.241096Z,0.0
2026-03-10T17:41:00.245295Z,0.0
2026-03-10T17:42:00.253096Z,0.0
2026-03-10T17:43:00.242389Z,0.0
2026-03-10T17:44:00.227635Z,0.0
2026-03-10T17:45:00.256742Z,0.0
2026-03-10T17:46:00.243163Z,0.0
2026-03-10T17:47:00.222984Z,0.0
2026-03-10T17:48:00.247260Z,0.0
2026-03-10T17:49:00.255020Z,0.0
2026-03-10T17:50:00.249047Z,0.0
2026-03-10T17:51:00.273939Z,0.0
2026-03-10T17:52:00.259320Z,0.0
2026-03-10T17:53:00.252243Z,0.0
2026-03-10T17:54:00.249599Z,0.0
2026-03-10T17:55:00.237192Z,0.0
2026-03-10T17:56:00.258239Z,0.0
2026-03-10T17:57:00.273004Z,0.0
2026-03-10T17:58:00.263546Z,0.0
2026-03-10T17:59:00.263442Z,0.0
2026-03-10T18:00:00.294641Z,0.0
2026-03-10T18:01:00.258688Z,0.0
2026-03-10T18:02:00.275193Z,0.0
2026-03-10T18:03:00.281740Z,0.0
2026-03-10T18:04:00.285556Z,0.0
2026-03-10T18:05:00.270793Z,0.0
2026-03-10T18:06:00.254629Z,0.0
2026-03-10T18:07:00.240364Z,0.0
2026-03-10T18:08:00.301025Z,0.0
2026-03-10T18:09:00.249926Z,0.0
2026-03-10T18:10:00.296619Z,0.0
2026-03-10T18:11:00.264087Z,0.0
2026-03-10T18:12:00.262597Z,0.0
2026-03-10T18:13:00.258234Z,0.0
2026-03-10T18:14:00.265093Z,0.0
2026-03-10T18:15:00.252433Z,0.0
2026-03-10T18:16:00.285913Z,0.0
2026-03-10T18:17:00.251798Z,0.0
2026-03-10T18:18:00.271399Z,0.0
2026-03-10T18:19:00.267506Z,0.0
2026-03-10T18:20:00.272853Z,0.0
2026-03-10T18:21:00.270343Z,0.0
2026-03-10T18:22:00.259861Z,0.0
2026-03-10T18:23:00.276727Z,0.0
2026-03-10T18:24:00.273340Z,0.0
2026-03-10T18:25:00.244595Z,0.0
2026-03-10T18:26:00.268673Z,0.0
2026-03-10T18:27:00.259740Z,0.0
2026-03-10T18:28:00.271082Z,0.0
2026-03-10T18:29:00.351592Z,0.0
2026-03-10T18:30:00.287339Z,0.0
2026-03-10T18:31:00.381967Z,0.0
2026-03-10T18:32:00.275267Z,0.0
2026-03-10T18:33:00.423283Z,0.0
2026-03-10T18:34:00.278934Z,0.0
2026-03-10T18:35:00.359099Z,0.0
2026-03-10T18:36:00.270533Z,0.0
2026-03-10T18:37:00.381959Z,0.0
2026-03-10T18:38:00.260775Z,0.0
2026-03-10T18:39:00.275144Z,0.0
2026-03-10T18:40:00.272194Z,0.0
2026-03-10T18:41:00.286916Z,0.0
2026-03-10T18:42:00.278648Z,0.0
2026-03-10T18:43:00.270786Z,0.0
2026-03-10T18:44:00.273472Z,0.0
2026-03-10T18:45:00.290962Z,0.0
2026-03-10T18:46:00.290870Z,0.0
2026-03-10T18:47:00.294141Z,0.0
2026-03-10T18:48:00.287917Z,0.0
2026-03-10T18:49:00.324190Z,0.0
2026-03-10T18:50:00.320796Z,0.0
2026-03-10T18:51:00.279754Z,0.0
2026-03-10T18:52:00.302866Z,0.0
2026-03-10T18:53:00.290473Z,0.0
2026-03-10T18:54:00.288154Z,0.0
2026-03-10T18:55:00.351871Z,0.0
2026-03-10T18:56:00.301011Z,0.0
2026-03-10T18:57:00.302828Z,0.0
2026-03-10T18:58:00.288573Z,0.0
2026-03-10T18:59:00.286662Z,0.0
2026-03-10T19:00:00.306755Z,0.0
2026-03-10T19:01:00.289292Z,0.0
2026-03-10T19:02:00.287780Z,0.0
2026-03-10T19:03:00.292477Z,0.0
2026-03-10T19:04:00.354751Z,0.0
2026-03-10T19:05:00.280325Z,0.0
2026-03-10T19:06:00.290053Z,0.0
2026-03-10T19:07:00.327474Z,0.0
2026-03-10T19:08:00.298219Z,0.0
2026-03-10T19:09:00.381133Z,0.0
2026-03-10T19:10:00.353010Z,0.0
2026-03-10T19:11:00.287850Z,0.0
2026-03-10T19:12:00.319285Z,0.0
2026-03-10T19:13:00.292407Z,0.0
2026-03-10T19:14:00.305642Z,0.0
2026-03-10T19:15:00.303039Z,0.0
2026-03-10T19:16:00.394727Z,0.0
2026-03-10T19:17:00.296949Z,0.0
2026-03-10T19:18:00.288525Z,0.0
2026-03-10T19:19:00.310870Z,0.0
2026-03-10T19:20:00.305583Z,0.0
2026-03-10T19:21:00.307598Z,0.0
2026-03-10T19:22:00.310098Z,0.0
2026-03-10T19:23:00.288054Z,0.0
2026-03-10T19:24:00.320234Z,0.0
2026-03-10T19:25:00.306628Z,0.0
2026-03-10T19:26:00.298010Z,0.0
2026-03-10T19:27:00.303092Z,0.0
2026-03-10T19:28:00.315003Z,0.0
2026-03-10T19:29:00.318898Z,0.0
2026-03-10T19:30:00.313314Z,0.0
2026-03-10T19:31:00.311307Z,0.0
2026-03-10T19:32:00.325094Z,0.0
2026-03-10T19:33:00.314407Z,0.0
2026-03-10T19:34:00.327409Z,0.0
2026-03-10T19:35:00.315113Z,0.0
2026-03-10T19:36:00.319146Z,0.0
2026-03-10T19:37:00.311153Z,0.0
2026-03-10T19:38:00.328030Z,0.0
2026-03-10T19:39:00.316758Z,0.0
2026-03-10T19:40:00.331132Z,0.0
2026-03-10T19:41:00.315429Z,0.0
2026-03-10T19:42:00.326134Z,0.0
2026-03-10T19:43:00.322004Z,0.0
2026-03-10T19:44:00.333499Z,0.0
2026-03-10T19:45:00.324121Z,0.0
2026-03-10T19:46:00.332014Z,0.0
2026-03-10T19:47:00.312930Z,0.0
2026-03-10T19:48:00.326942Z,0.0
2026-03-10T19:49:00.310075Z,0.0
2026-03-10T19:50:00.285851Z,0.0
2026-03-10T19:51:00.318044Z,0.0
2026-03-10T19:52:00.365738Z,0.0
2026-03-10T19:53:00.326946Z,0.0
2026-03-10T19:54:00.329684Z,0.0
2026-03-10T19:55:00.321885Z,0.0
2026-03-10T19:56:00.338865Z,0.0
2026-03-10T19:57:00.337054Z,0.0
2026-03-10T19:58:00.340972Z,0.0
2026-03-10T19:59:00.279863Z,0.0
2026-03-10T20:00:00.347445Z,0.0
2026-03-10T20:01:00.329169Z,0.0
2026-03-10T20:02:00.323106Z,0.0
2026-03-10T20:03:00.330988Z,0.0
2026-03-10T20:04:00.337739Z,0.0
2026-03-10T20:05:00.344587Z,0.0
2026-03-10T20:06:00.326373Z,0.0
2026-03-10T20:07:00.333723Z,0.0
2026-03-10T20:08:00.326825Z,0.0
2026-03-10T20:09:00.363596Z,0.0
2026-03-10T20:10:00.384879Z,0.0
2026-03-10T20:11:00.345023Z,0.0
2026-03-10T20:12:00.331424Z,0.0
2026-03-10T20:13:00.329469Z,0.0
2026-03-10T20:14:00.359975Z,0.0
2026-03-10T20:15:00.339721Z,0.0
2026-03-10T20:16:00.350834Z,0.0
2026-03-10T20:17:00.350308Z,0.0
2026-03-10T20:18:00.347209Z,0.0
2026-03-10T20:19:00.358879Z,0.0
2026-03-10T20:20:00.352088Z,0.0
2026-03-10T20:21:00.338969Z,0.0
2026-03-10T20:22:00.338872Z,0.0
2026-03-10T20:23:00.368682Z,0.0
2026-03-10T20:24:00.347597Z,0.0
2026-03-10T20:25:00.357246Z,0.0
2026-03-10T20:26:00.362815Z,0.0
2026-03-10T20:27:00.357233Z,0.0
2026-03-10T20:28:00.353690Z,0.0
2026-03-10T20:29:00.342945Z,0.0
2026-03-10T20:30:00.365110Z,0.0
2026-03-10T20:31:00.367236Z,0.0
2026-03-10T20:32:00.358867Z,0.0
2026-03-10T20:33:00.354915Z,0.0
2026-03-10T20:34:00.388909Z,0.0
2026-03-10T20:35:00.365618Z,0.0
2026-03-10T20:36:00.373033Z,0.0
2026-03-10T20:37:00.371420Z,0.0
2026-03-10T20:38:00.384885Z,0.0
2026-03-10T20:39:00.352075Z,0.0
2026-03-10T20:40:00.357444Z,0.0
2026-03-10T20:41:00.354844Z,0.0
2026-03-10T20:42:00.407773Z,0.0
2026-03-10T20:43:00.358419Z,0.0
2026-03-10T20:44:00.375512Z,0.0
2026-03-10T20:45:00.354859Z,0.0
2026-03-10T20:46:00.366410Z,0.0
2026-03-10T20:47:00.428066Z,0.0
2026-03-10T20:48:00.380169Z,0.0
2026-03-10T20:49:00.368324Z,0.0
2026-03-10T20:50:00.443809Z,0.0
2026-03-10T20:51:00.385237Z,0.0
2026-03-10T20:52:00.366723Z,0.0
2026-03-10T20:53:00.389049Z,0.0
2026-03-10T20:54:00.381468Z,0.0
2026-03-10T20:55:00.374769Z,0.0
2026-03-10T20:56:00.366958Z,0.0
2026-03-10T20:57:00.376866Z,0.0
2026-03-10T20:58:00.372928Z,0.0
2026-03-10T20:59:00.481540Z,0.0
2026-03-10T21:00:00.371314Z,0.0
2026-03-10T21:01:00.402680Z,0.0
2026-03-10T21:02:00.377957Z,0.0
2026-03-10T21:03:00.391454Z,0.0
2026-03-10T21:04:00.367070Z,0.0
2026-03-10T21:05:00.395208Z,0.0
2026-03-10T21:06:00.377154Z,0.0
2026-03-10T21:07:00.376396Z,0.0
2026-03-10T21:08:00.404073Z,0.0
2026-03-10T21:09:00.390234Z,0.0
2026-03-10T21:10:00.444786Z,0.0
2026-03-10T21:11:00.360597Z,0.0
2026-03-10T21:12:00.433622Z,0.0
2026-03-10T21:13:00.386006Z,0.0
2026-03-10T21:14:00.359414Z,0.0
2026-03-10T21:15:00.398675Z,0.0
2026-03-10T21:16:00.383445Z,0.0
2026-03-10T21:17:00.402891Z,0.0
2026-03-10T21:18:00.397950Z,0.0
2026-03-10T21:19:00.394935Z,0.0
2026-03-10T21:20:00.409223Z,0.0
2026-03-10T21:21:00.396153Z,0.0
2026-03-10T21:22:00.404429Z,0.0
2026-03-10T21:23:00.407227Z,0.0
2026-03-10T21:24:00.421356Z,0.0
2026-03-10T21:25:00.401466Z,0.0
2026-03-10T21:26:00.391194Z,0.0
2026-03-10T21:27:00.405280Z,0.0
2026-03-10T21:28:00.390292Z,0.0
2026-03-10T21:29:00.373150Z,0.0
2026-03-10T21:30:00.414966Z,0.0
2026-03-10T21:31:00.375134Z,0.0
2026-03-10T21:32:00.401283Z,0.0
2026-03-10T21:33:00.411258Z,0.0
2026-03-10T21:34:00.407136Z,0.0
2026-03-10T21:35:00.421223Z,0.0
2026-03-10T21:36:00.411981Z,0.0
2026-03-10T21:37:00.389326Z,0.0
2026-03-10T21:38:00.429880Z,0.0
2026-03-10T21:39:00.393797Z,0.0
2026-03-10T21:40:00.394842Z,0.0
2026-03-10T21:41:00.413555Z,0.0
2026-03-10T21:42:00.406646Z,0.0
2026-03-10T21:43:00.410807Z,0.0
2026-03-10T21:44:00.406377Z,0.0
2026-03-10T21:45:00.410496Z,0.0
2026-03-10T21:46:00.493076Z,0.0
2026-03-10T21:47:00.414737Z,0.0
2026-03-10T21:48:00.417654Z,0.0
2026-03-10T21:49:00.420046Z,0.0
2026-03-10T21:50:00.410055Z,0.0
2026-03-10T21:51:00.401381Z,0.0
2026-03-10T21:52:00.418891Z,0.0
2026-03-10T21:53:00.410879Z,0.0
2026-03-10T21:54:00.414866Z,0.0
2026-03-10T21:55:00.429390Z,0.0
2026-03-10T21:56:00.414045Z,0.0
2026-03-10T21:57:00.432034Z,0.0
2026-03-10T21:58:00.417066Z,0.0
2026-03-10T21:59:00.415632Z,0.0
2026-03-10T22:00:00.590132Z,0.0
2026-03-10T22:01:00.409129Z,0.0
2026-03-10T22:02:00.451280Z,0.0
2026-03-10T22:03:00.421133Z,0.0
2026-03-10T22:04:00.451581Z,0.0
2026-03-10T22:05:00.429370Z,0.0
2026-03-10T22:06:00.459968Z,0.0
2026-03-10T22:07:00.451112Z,0.0
2026-03-10T22:08:00.434891Z,0.0
2026-03-10T22:09:00.415440Z,0.0
2026-03-10T22:10:00.511401Z,0.0
2026-03-10T22:11:00.428447Z,0.0
2026-03-10T22:12:00.420620Z,0.0
2026-03-10T22:13:00.453799Z,0.0
2026-03-10T22:14:00.467237Z,0.0
2026-03-10T22:15:00.426896Z,0.0
2026-03-10T22:16:00.446922Z,0.0
2026-03-10T22:17:00.460356Z,0.0
2026-03-10T22:18:00.486475Z,0.0
2026-03-10T22:19:00.429430Z,0.0
2026-03-10T22:20:00.442347Z,0.0
2026-03-10T22:21:00.439775Z,0.0
2026-03-10T22:22:00.489500Z,0.0
2026-03-10T22:23:00.450999Z,0.0
2026-03-10T22:24:00.423281Z,0.0
2026-03-10T22:25:00.459117Z,0.0
2026-03-10T22:26:00.484488Z,0.0
2026-03-10T22:27:00.454657Z,0.0
2026-03-10T22:28:00.415598Z,0.0
2026-03-10T22:29:00.442209Z,0.0
2026-03-10T22:30:00.392036Z,0.0
2026-03-10T22:31:00.441907Z,0.0
2026-03-10T22:32:00.396757Z,0.0
2026-03-10T22:33:00.427185Z,0.0
2026-03-10T22:34:00.406991Z,0.0
2026-03-10T22:35:00.450242Z,0.0
2026-03-10T22:36:00.415692Z,0.0
2026-03-10T22:37:00.560816Z,0.0
2026-03-10T22:38:00.412924Z,0.0
2026-03-10T22:39:00.469018Z,0.0
2026-03-10T22:40:00.403476Z,0.0
2026-03-10T22:41:00.450829Z,0.0
2026-03-10T22:42:00.408128Z,0.0
2026-03-10T22:43:00.472792Z,0.0
2026-03-10T22:44:00.413483Z,0.0
2026-03-10T22:45:00.465398Z,0.0
2026-03-10T22:46:00.454419Z,0.0
2026-03-10T22:47:00.465358Z,0.0
2026-03-10T22:48:00.478845Z,0.0
2026-03-10T22:49:00.453648Z,0.0
2026-03-10T22:50:00.487241Z,0.0
2026-03-10T22:51:00.461319Z,0.0
2026-03-10T22:52:00.486867Z,0.0
2026-03-10T22:53:00.452737Z,0.0
2026-03-10T22:54:00.470102Z,0.0
2026-03-10T22:55:00.464572Z,0.0
2026-03-10T22:56:00.474523Z,0.0
2026-03-10T22:57:00.460432Z,0.0
2026-03-10T22:58:00.451940Z,0.0
2026-03-10T22:59:00.463420Z,0.0
2026-03-10T23:00:00.467100Z,0.0
2026-03-10T23:01:00.473841Z,0.0
2026-03-10T23:02:00.463175Z,0.0
2026-03-10T23:03:00.444108Z,0.0
2026-03-10T23:04:00.468362Z,0.0
2026-03-10T23:05:00.462724Z,0.0
2026-03-10T23:06:00.471725Z,0.0
2026-03-10T23:07:00.523132Z,0.0
2026-03-10T23:08:00.482872Z,0.0
2026-03-10T23:09:00.468736Z,0.0
2026-03-10T23:10:00.512613Z,0.0
2026-03-10T23:11:00.533780Z,0.0
2026-03-10T23:12:00.473886Z,0.0
2026-03-10T23:13:00.478128Z,0.0
2026-03-10T23:14:00.477531Z,0.0
2026-03-10T23:15:00.462600Z,0.0
2026-03-10T23:16:00.458063Z,0.0
2026-03-10T23:17:00.461227Z,0.0
2026-03-10T23:18:00.464790Z,0.0
2026-03-10T23:19:00.475460Z,0.0
2026-03-10T23:20:00.466774Z,0.0
2026-03-10T23:21:00.471522Z,0.0
2026-03-10T23:22:00.425959Z,0.0
2026-03-10T23:23:00.476140Z,0.0
2026-03-10T23:24:00.458482Z,0.0
2026-03-10T23:25:00.492542Z,0.0
2026-03-10T23:26:00.482452Z,0.0
2026-03-10T23:27:00.476290Z,0.0
2026-03-10T23:28:00.480559Z,0.0
2026-03-10T23:29:00.496089Z,0.0
2026-03-10T23:30:00.467949Z,0.0
2026-03-10T23:31:00.487207Z,0.0
2026-03-10T23:32:00.478896Z,0.0
2026-03-10T23:33:00.499159Z,0.0
2026-03-10T23:34:00.488226Z,0.0
2026-03-10T23:35:00.501871Z,0.0
2026-03-10T23:36:00.485510Z,0.0
2026-03-10T23:37:00.492272Z,0.0
2026-03-10T23:38:00.497467Z,0.0
2026-03-10T23:39:00.503053Z,0.0
2026-03-10T23:40:00.501303Z,0.0
2026-03-10T23:41:00.518106Z,0.0
2026-03-10T23:42:00.490542Z,0.0
2026-03-10T23:43:00.513970Z,0.0
2026-03-10T23:44:00.524529Z,0.0
2026-03-10T23:45:00.531154Z,0.0
2026-03-10T23:46:00.494781Z,0.0
2026-03-10T23:47:00.513609Z,0.0
2026-03-10T23:48:00.538362Z,0.0
2026-03-10T23:49:00.538143Z,0.0
2026-03-10T23:50:00.497397Z,0.0
2026-03-10T23:51:00.489936Z,0.0
2026-03-10T23:52:00.513371Z,0.0
2026-03-10T23:53:00.492880Z,0.0
2026-03-10T23:54:00.510544Z,0.0
2026-03-10T23:55:00.517456Z,0.0
2026-03-10T23:56:00.505022Z,0.0
2026-03-10T23:57:00.512128Z,0.0
2026-03-10T23:58:00.509484Z,0.0
2026-03-10T23:59:00.511419Z,0.0
